,explanation,absolute,normalisation,similarity_func,baseline_strategy,subset_size,iterations,faithfulness_score
0,Saliency,True,True,Pearson,Mean,2,50,-0.0477428813542809
1,IntegratedGradients,True,True,Pearson,Mean,2,50,0.1026788374519377
2,FusionGrad,True,True,Pearson,Mean,2,50,-0.0283681912651261
3,Saliency,True,True,Spearman,Mean,2,50,-0.001502315211799
4,IntegratedGradients,True,True,Spearman,Mean,2,50,0.0533904990567655
5,FusionGrad,True,True,Spearman,Mean,2,50,-0.0421265649116789
6,Saliency,True,True,Pearson,Mean,2,100,0.0280721932441847
7,IntegratedGradients,True,True,Pearson,Mean,2,100,0.0341387808236126
8,FusionGrad,True,True,Pearson,Mean,2,100,-0.0033922759319437
9,Saliency,True,True,Spearman,Mean,2,100,-0.0603368908319403
10,IntegratedGradients,True,True,Spearman,Mean,2,100,-0.0331053105310531
11,FusionGrad,True,True,Spearman,Mean,2,100,0.0203270327071282
12,Saliency,True,True,Pearson,Mean,112,50,-0.0054315398760254
13,IntegratedGradients,True,True,Pearson,Mean,112,50,0.0048026542267012
14,FusionGrad,True,True,Pearson,Mean,112,50,-0.0240115254897739
15,Saliency,True,True,Spearman,Mean,112,50,-0.0182404390327559
16,IntegratedGradients,True,True,Spearman,Mean,112,50,0.0117647058823529
17,FusionGrad,True,True,Spearman,Mean,112,50,0.0289761618933287
18,Saliency,True,True,Pearson,Mean,112,100,0.019437105156666
19,IntegratedGradients,True,True,Pearson,Mean,112,100,0.0230182737220006
20,FusionGrad,True,True,Pearson,Mean,112,100,0.039188237822553
21,Saliency,True,True,Spearman,Mean,112,100,-0.0162701984484162
22,IntegratedGradients,True,True,Spearman,Mean,112,100,0.0689006043461488
23,FusionGrad,True,True,Spearman,Mean,112,100,0.0135802151643735
24,Saliency,True,True,Pearson,Mean,224,50,0.019125850713735
25,IntegratedGradients,True,True,Pearson,Mean,224,50,0.0493382232210513
26,FusionGrad,True,True,Pearson,Mean,224,50,0.0094940146510838
27,Saliency,True,True,Spearman,Mean,224,50,0.0127182301492025
28,IntegratedGradients,True,True,Spearman,Mean,224,50,-0.0327353798662322
29,FusionGrad,True,True,Spearman,Mean,224,50,0.0829566112159149
30,Saliency,True,True,Pearson,Mean,224,100,0.0132651118419462
31,IntegratedGradients,True,True,Pearson,Mean,224,100,0.0126754200097411
32,FusionGrad,True,True,Pearson,Mean,224,100,0.0093450472405863
33,Saliency,True,True,Spearman,Mean,224,100,-0.0295015215807295
34,IntegratedGradients,True,True,Spearman,Mean,224,100,0.0407612189790407
35,FusionGrad,True,True,Spearman,Mean,224,100,0.0248261969054048
36,Saliency,True,True,Pearson,Mean,1792,50,0.0325829232904042
37,IntegratedGradients,True,True,Pearson,Mean,1792,50,0.0257283375377628
38,FusionGrad,True,True,Pearson,Mean,1792,50,0.0826596881824659
39,Saliency,True,True,Spearman,Mean,1792,50,0.0991733836391699
40,IntegratedGradients,True,True,Spearman,Mean,1792,50,-0.0262253472817698
41,FusionGrad,True,True,Spearman,Mean,1792,50,0.0232069970845481
42,Saliency,True,True,Pearson,Mean,1792,100,0.0012291314770209
43,IntegratedGradients,True,True,Pearson,Mean,1792,100,-0.0084224517550405
44,FusionGrad,True,True,Pearson,Mean,1792,100,0.0478269194892054
45,Saliency,True,True,Spearman,Mean,1792,100,0.0094449444944494
46,IntegratedGradients,True,True,Spearman,Mean,1792,100,0.0186661523295186
47,FusionGrad,True,True,Spearman,Mean,1792,100,0.0199339933993399
48,Saliency,True,True,Pearson,Random,2,50,-0.0014500579835213
49,IntegratedGradients,True,True,Pearson,Random,2,50,0.0155238896196736
50,FusionGrad,True,True,Pearson,Random,2,50,0.0269485372171321
51,Saliency,True,True,Spearman,Random,2,50,0.0295729720459612
52,IntegratedGradients,True,True,Spearman,Random,2,50,0.0046715829188818
53,FusionGrad,True,True,Spearman,Random,2,50,-0.02304565830661
54,Saliency,True,True,Pearson,Random,2,100,-0.0346039510205307
55,IntegratedGradients,True,True,Pearson,Random,2,100,-0.0006660949252317
56,FusionGrad,True,True,Pearson,Random,2,100,0.0295591835628199
57,Saliency,True,True,Spearman,Random,2,100,-0.0125892589258925
58,IntegratedGradients,True,True,Spearman,Random,2,100,0.0192284942779992
59,FusionGrad,True,True,Spearman,Random,2,100,-0.0484865629420084
60,Saliency,True,True,Pearson,Random,112,50,0.0237616517646666
61,IntegratedGradients,True,True,Pearson,Random,112,50,-0.0262864484487812
62,FusionGrad,True,True,Pearson,Random,112,50,0.0040854852115952
63,Saliency,True,True,Spearman,Random,112,50,0.0276727833990739
64,IntegratedGradients,True,True,Spearman,Random,112,50,0.0459132224318298
65,FusionGrad,True,True,Spearman,Random,112,50,-0.0819207683073229
66,Saliency,True,True,Pearson,Random,112,100,-0.016378755097748
67,IntegratedGradients,True,True,Pearson,Random,112,100,0.009344628017054
68,FusionGrad,True,True,Pearson,Random,112,100,-0.003561058313577
69,Saliency,True,True,Spearman,Random,112,100,-0.0135433543354335
70,IntegratedGradients,True,True,Spearman,Random,112,100,-0.0006429214350006
71,FusionGrad,True,True,Spearman,Random,112,100,-0.0054896918263254
72,Saliency,True,True,Pearson,Random,224,50,0.0561054302182292
73,IntegratedGradients,True,True,Pearson,Random,224,50,-0.0556147149302297
74,FusionGrad,True,True,Pearson,Random,224,50,0.0062641195239324
75,Saliency,True,True,Spearman,Random,224,50,-0.0355204939118504
76,IntegratedGradients,True,True,Spearman,Random,224,50,-0.0321591493740353
77,FusionGrad,True,True,Spearman,Random,224,50,-0.011860744297719
78,Saliency,True,True,Pearson,Random,224,100,0.0432510644729592
79,IntegratedGradients,True,True,Pearson,Random,224,100,0.0234456117887024
80,FusionGrad,True,True,Pearson,Random,224,100,-0.0114638753017592
81,Saliency,True,True,Spearman,Random,224,100,0.0077647764776477
82,IntegratedGradients,True,True,Spearman,Random,224,100,0.002071064249282
83,FusionGrad,True,True,Spearman,Random,224,100,0.0417058848742017
84,Saliency,True,True,Pearson,Random,1792,50,0.0303397540708129
85,IntegratedGradients,True,True,Pearson,Random,1792,50,-0.0704210767792425
86,FusionGrad,True,True,Pearson,Random,1792,50,0.0008632680591919
87,Saliency,True,True,Spearman,Random,1792,50,0.0156336820442462
88,IntegratedGradients,True,True,Spearman,Random,1792,50,0.0293877551020408
89,FusionGrad,True,True,Spearman,Random,1792,50,0.0056045275252958
90,Saliency,True,True,Pearson,Random,1792,100,0.0169022123118988
91,IntegratedGradients,True,True,Pearson,Random,1792,100,0.0120722583191178
92,FusionGrad,True,True,Pearson,Random,1792,100,0.0330788269181443
93,Saliency,True,True,Spearman,Random,1792,100,-0.0129784407012129
94,IntegratedGradients,True,True,Spearman,Random,1792,100,0.0128532853285328
95,FusionGrad,True,True,Spearman,Random,1792,100,0.0538931035960738
96,Saliency,True,True,Pearson,Uniform,2,50,-0.0628312872811574
97,IntegratedGradients,True,True,Pearson,Uniform,2,50,-0.0292855321168648
98,FusionGrad,True,True,Pearson,Uniform,2,50,-0.0375756528178513
99,Saliency,True,True,Spearman,Uniform,2,50,-0.0279608986451723
100,IntegratedGradients,True,True,Spearman,Uniform,2,50,-0.0151054707597324
101,FusionGrad,True,True,Spearman,Uniform,2,50,-0.0760830046304236
102,Saliency,True,True,Pearson,Uniform,2,100,-0.0136463907501466
103,IntegratedGradients,True,True,Pearson,Uniform,2,100,0.0512013847122918
104,FusionGrad,True,True,Pearson,Uniform,2,100,-0.0141443576810515
105,Saliency,True,True,Spearman,Uniform,2,100,-0.0142214221422142
106,IntegratedGradients,True,True,Spearman,Uniform,2,100,0.0172251510865372
107,FusionGrad,True,True,Spearman,Uniform,2,100,-0.0254777087328467
108,Saliency,True,True,Pearson,Uniform,112,50,-0.0287119578501775
109,IntegratedGradients,True,True,Pearson,Uniform,112,50,-0.0523373556791058
110,FusionGrad,True,True,Pearson,Uniform,112,50,-0.0085055288768721
111,Saliency,True,True,Spearman,Uniform,112,50,0.0096038415366146
112,IntegratedGradients,True,True,Spearman,Uniform,112,50,-0.0251071857314354
113,FusionGrad,True,True,Spearman,Uniform,112,50,0.0360487051963642
114,Saliency,True,True,Pearson,Uniform,112,100,-0.0019879377078368
115,IntegratedGradients,True,True,Pearson,Uniform,112,100,0.005155272187851
116,FusionGrad,True,True,Pearson,Uniform,112,100,0.018907958447851
117,Saliency,True,True,Spearman,Uniform,112,100,-0.0459320217736059
118,IntegratedGradients,True,True,Spearman,Uniform,112,100,0.0492563542068492
119,FusionGrad,True,True,Spearman,Uniform,112,100,0.0108336547940508
120,Saliency,True,True,Pearson,Uniform,224,50,0.0103361063708336
121,IntegratedGradients,True,True,Pearson,Uniform,224,50,-0.0367808250157731
122,FusionGrad,True,True,Pearson,Uniform,224,50,0.0423638096948923
123,Saliency,True,True,Spearman,Uniform,224,50,-0.0167244040473332
124,IntegratedGradients,True,True,Spearman,Uniform,224,50,0.0261773280740867
125,FusionGrad,True,True,Spearman,Uniform,224,50,-0.0325707425827473
126,Saliency,True,True,Pearson,Uniform,224,100,-0.0008236841877443
127,IntegratedGradients,True,True,Pearson,Uniform,224,100,-0.0417447932437822
128,FusionGrad,True,True,Pearson,Uniform,224,100,0.0304774380336454
129,Saliency,True,True,Spearman,Uniform,224,100,0.0113797093995113
130,IntegratedGradients,True,True,Spearman,Uniform,224,100,0.0151695169516951
131,FusionGrad,True,True,Spearman,Uniform,224,100,-0.0379435086365779
132,Saliency,True,True,Pearson,Uniform,1792,50,-0.019785171302659
133,IntegratedGradients,True,True,Pearson,Uniform,1792,50,0.0373496761922195
134,FusionGrad,True,True,Pearson,Uniform,1792,50,0.0058444142356945
135,Saliency,True,True,Spearman,Uniform,1792,50,0.0527113702623906
136,IntegratedGradients,True,True,Spearman,Uniform,1792,50,-0.0029703309895386
137,FusionGrad,True,True,Spearman,Uniform,1792,50,0.0070382438689761
138,Saliency,True,True,Pearson,Uniform,1792,100,-0.0322385795927788
139,IntegratedGradients,True,True,Pearson,Uniform,1792,100,-0.0772867279205323
140,FusionGrad,True,True,Pearson,Uniform,1792,100,0.0713453130844483
141,Saliency,True,True,Spearman,Uniform,1792,100,0.0231271698598431
142,IntegratedGradients,True,True,Spearman,Uniform,1792,100,0.0344700184304144
143,FusionGrad,True,True,Spearman,Uniform,1792,100,0.0335227936989982
144,Saliency,True,True,Pearson,Black,2,50,-0.0120408500762068
145,IntegratedGradients,True,True,Pearson,Black,2,50,0.044718429096014
146,FusionGrad,True,True,Pearson,Black,2,50,0.0229827702795581
147,Saliency,True,True,Spearman,Black,2,50,0.0250111473160692
148,IntegratedGradients,True,True,Spearman,Black,2,50,0.0122860572800548
149,FusionGrad,True,True,Spearman,Black,2,50,0.0057554450351569
150,Saliency,True,True,Pearson,Black,2,100,-0.03133546920838
151,IntegratedGradients,True,True,Pearson,Black,2,100,0.0158990055465407
152,FusionGrad,True,True,Pearson,Black,2,100,-0.019870641108022
153,Saliency,True,True,Spearman,Black,2,100,0.0171831468861171
154,IntegratedGradients,True,True,Spearman,Black,2,100,-0.026100895803866
155,FusionGrad,True,True,Spearman,Black,2,100,0.0062483391196262
156,Saliency,True,True,Pearson,Black,112,50,0.0414463871866137
157,IntegratedGradients,True,True,Pearson,Black,112,50,-0.0245227949833913
158,FusionGrad,True,True,Pearson,Black,112,50,0.0468822719042868
159,Saliency,True,True,Spearman,Black,112,50,0.0154553249871377
160,IntegratedGradients,True,True,Spearman,Black,112,50,0.0171222774824215
161,FusionGrad,True,True,Spearman,Black,112,50,-0.0313222431829874
162,Saliency,True,True,Pearson,Black,112,100,0.0323288938039503
163,IntegratedGradients,True,True,Pearson,Black,112,100,0.0183027160004302
164,FusionGrad,True,True,Pearson,Black,112,100,-0.0277439753458492
165,Saliency,True,True,Spearman,Black,112,100,-0.0147520466332347
166,IntegratedGradients,True,True,Spearman,Black,112,100,-0.0132424671038532
167,FusionGrad,True,True,Spearman,Black,112,100,0.0328712871287128
168,Saliency,True,True,Pearson,Black,224,50,0.1028623309777674
169,IntegratedGradients,True,True,Pearson,Black,224,50,-0.0277421825057813
170,FusionGrad,True,True,Pearson,Black,224,50,0.0915758158252793
171,Saliency,True,True,Spearman,Black,224,50,0.0478065511919053
172,IntegratedGradients,True,True,Spearman,Black,224,50,0.0035259818212999
173,FusionGrad,True,True,Spearman,Black,224,50,0.0148996741553764
174,Saliency,True,True,Pearson,Black,224,100,0.0210035685856149
175,IntegratedGradients,True,True,Pearson,Black,224,100,-0.0374458538808669
176,FusionGrad,True,True,Pearson,Black,224,100,0.0359849072131898
177,Saliency,True,True,Spearman,Black,224,100,0.0396922549397796
178,IntegratedGradients,True,True,Spearman,Black,224,100,0.0556255625562556
179,FusionGrad,True,True,Spearman,Black,224,100,0.0064549312074064
180,Saliency,True,True,Pearson,Black,1792,50,-0.0345836090763751
181,IntegratedGradients,True,True,Pearson,Black,1792,50,0.0722724455968076
182,FusionGrad,True,True,Pearson,Black,1792,50,0.0190263840534401
183,Saliency,True,True,Spearman,Black,1792,50,0.0168273023495112
184,IntegratedGradients,True,True,Spearman,Black,1792,50,-0.0003018350197221
185,FusionGrad,True,True,Spearman,Black,1792,50,-0.0604150231521179
186,Saliency,True,True,Pearson,Black,1792,100,0.0533161616060413
187,IntegratedGradients,True,True,Pearson,Black,1792,100,-0.0097360617701299
188,FusionGrad,True,True,Pearson,Black,1792,100,0.0484500782200864
189,Saliency,True,True,Spearman,Black,1792,100,-0.0024739616818824
190,IntegratedGradients,True,True,Spearman,Black,1792,100,0.0082559684539882
191,FusionGrad,True,True,Spearman,Black,1792,100,0.0587090137585187
192,Saliency,True,True,Pearson,White,2,50,-0.0296382626009367
193,IntegratedGradients,True,True,Pearson,White,2,50,-0.0063457927180678
194,FusionGrad,True,True,Pearson,White,2,50,-0.0440625970961618
195,Saliency,True,True,Spearman,White,2,50,-0.030204081632653
196,IntegratedGradients,True,True,Spearman,White,2,50,0.0134728176985079
197,FusionGrad,True,True,Spearman,White,2,50,0.0004870519636426
198,Saliency,True,True,Pearson,White,2,100,-0.0103598285108649
199,IntegratedGradients,True,True,Pearson,White,2,100,-0.0249814740709761
200,FusionGrad,True,True,Pearson,White,2,100,0.0312435861211979
201,Saliency,True,True,Spearman,White,2,100,-0.0033551926621233
202,IntegratedGradients,True,True,Spearman,White,2,100,-0.0305764862200505
203,FusionGrad,True,True,Spearman,White,2,100,-0.0021002100210021
204,Saliency,True,True,Pearson,White,112,50,-0.001197293537883
205,IntegratedGradients,True,True,Pearson,White,112,50,-0.0460026081303085
206,FusionGrad,True,True,Pearson,White,112,50,0.0364130641881912
207,Saliency,True,True,Spearman,White,112,50,0.0812141999657005
208,IntegratedGradients,True,True,Spearman,White,112,50,-0.0429977705367861
209,FusionGrad,True,True,Spearman,White,112,50,0.0465374721317098
210,Saliency,True,True,Pearson,White,112,100,0.0486502859154813
211,IntegratedGradients,True,True,Pearson,White,112,100,-0.0626444597109348
212,FusionGrad,True,True,Pearson,White,112,100,0.0030985030349751
213,Saliency,True,True,Spearman,White,112,100,0.0692272084351292
214,IntegratedGradients,True,True,Spearman,White,112,100,-0.0251099395653851
215,FusionGrad,True,True,Spearman,White,112,100,0.0308379409369508
216,Saliency,True,True,Pearson,White,224,50,0.0260444994063343
217,IntegratedGradients,True,True,Pearson,White,224,50,-0.020496125731086
218,FusionGrad,True,True,Pearson,White,224,50,-0.0128931514108071
219,Saliency,True,True,Spearman,White,224,50,-0.0014542960041159
220,IntegratedGradients,True,True,Spearman,White,224,50,-0.0324198250728862
221,FusionGrad,True,True,Spearman,White,224,50,0.055283827816841
222,Saliency,True,True,Pearson,White,224,100,-0.0103115966271322
223,IntegratedGradients,True,True,Pearson,White,224,100,-0.0244283455537651
224,FusionGrad,True,True,Pearson,White,224,100,0.0172031827224614
225,Saliency,True,True,Spearman,White,224,100,0.0167043554026193
226,IntegratedGradients,True,True,Spearman,White,224,100,-0.0473344477304873
227,FusionGrad,True,True,Spearman,White,224,100,0.0112005486262912
228,Saliency,True,True,Pearson,White,1792,50,-0.0611810627847208
229,IntegratedGradients,True,True,Pearson,White,1792,50,-0.0067497890018164
230,FusionGrad,True,True,Pearson,White,1792,50,0.0764332813754413
231,Saliency,True,True,Spearman,White,1792,50,0.0593448808094666
232,IntegratedGradients,True,True,Spearman,White,1792,50,-0.0654021608643457
233,FusionGrad,True,True,Spearman,White,1792,50,0.0736477448122105
234,Saliency,True,True,Pearson,White,1792,100,0.0218704763558195
235,IntegratedGradients,True,True,Pearson,White,1792,100,0.0044709892277902
236,FusionGrad,True,True,Pearson,White,1792,100,0.0121120861381682
237,Saliency,True,True,Spearman,White,1792,100,0.0458763019159058
238,IntegratedGradients,True,True,Spearman,White,1792,100,0.0005923449487805
239,FusionGrad,True,True,Spearman,White,1792,100,0.0475641849899275
240,Saliency,True,False,Pearson,Mean,2,50,0.0252270926764168
241,IntegratedGradients,True,False,Pearson,Mean,2,50,0.0732445027175687
242,FusionGrad,True,False,Pearson,Mean,2,50,0.034180038296
243,Saliency,True,False,Spearman,Mean,2,50,0.0273640884925398
244,IntegratedGradients,True,False,Spearman,Mean,2,50,0.0664794356050094
245,FusionGrad,True,False,Spearman,Mean,2,50,-0.0508043217286914
246,Saliency,True,False,Pearson,Mean,2,100,-0.009237866089602
247,IntegratedGradients,True,False,Pearson,Mean,2,100,0.0021401954386304
248,FusionGrad,True,False,Pearson,Mean,2,100,0.0132465368324726
249,Saliency,True,False,Spearman,Mean,2,100,-2.914577172002153e-05
250,IntegratedGradients,True,False,Spearman,Mean,2,100,-0.0266156832413032
251,FusionGrad,True,False,Spearman,Mean,2,100,0.0129544383009729
252,Saliency,True,False,Pearson,Mean,112,50,0.0262640925072324
253,IntegratedGradients,True,False,Pearson,Mean,112,50,0.0044155130370169
254,FusionGrad,True,False,Pearson,Mean,112,50,-0.0154322771860796
255,Saliency,True,False,Spearman,Mean,112,50,-0.0508180415023152
256,IntegratedGradients,True,False,Spearman,Mean,112,50,-0.0324266849596981
257,FusionGrad,True,False,Spearman,Mean,112,50,-0.0036906191047847
258,Saliency,True,False,Pearson,Mean,112,100,-0.0158175469811992
259,IntegratedGradients,True,False,Pearson,Mean,112,100,0.0248185941757203
260,FusionGrad,True,False,Pearson,Mean,112,100,-0.0454877202513569
261,Saliency,True,False,Spearman,Mean,112,100,-0.0006077750632206
262,IntegratedGradients,True,False,Spearman,Mean,112,100,-0.0244404440444044
263,FusionGrad,True,False,Spearman,Mean,112,100,0.009013758518709
264,Saliency,True,False,Pearson,Mean,224,50,-0.0171862871754664
265,IntegratedGradients,True,False,Pearson,Mean,224,50,-0.026933210291593
266,FusionGrad,True,False,Pearson,Mean,224,50,-0.0194100510461335
267,Saliency,True,False,Spearman,Mean,224,50,0.04113874121077
268,IntegratedGradients,True,False,Spearman,Mean,224,50,0.0281598353627165
269,FusionGrad,True,False,Spearman,Mean,224,50,0.0708146115589092
270,Saliency,True,False,Pearson,Mean,224,100,0.0124241572645959
271,IntegratedGradients,True,False,Pearson,Mean,224,100,-0.0090061088031921
272,FusionGrad,True,False,Pearson,Mean,224,100,0.0326907266191038
273,Saliency,True,False,Spearman,Mean,224,100,-0.0119600531481719
274,IntegratedGradients,True,False,Spearman,Mean,224,100,0.0010595501237851
275,FusionGrad,True,False,Spearman,Mean,224,100,-0.0242287085851442
276,Saliency,True,False,Pearson,Mean,1792,50,0.0293370131914606
277,IntegratedGradients,True,False,Pearson,Mean,1792,50,-0.0611950754750129
278,FusionGrad,True,False,Pearson,Mean,1792,50,-0.0074956950471244
279,Saliency,True,False,Spearman,Mean,1792,50,0.0592762819413479
280,IntegratedGradients,True,False,Spearman,Mean,1792,50,0.0689967415537643
281,FusionGrad,True,False,Spearman,Mean,1792,50,0.0165048876693534
282,Saliency,True,False,Pearson,Mean,1792,100,0.0380762138129679
283,IntegratedGradients,True,False,Pearson,Mean,1792,100,0.0281420622176916
284,FusionGrad,True,False,Pearson,Mean,1792,100,0.0127444244652549
285,Saliency,True,False,Spearman,Mean,1792,100,0.003064592173503
286,IntegratedGradients,True,False,Spearman,Mean,1792,100,-0.0224293857957224
287,FusionGrad,True,False,Spearman,Mean,1792,100,0.0388873173031588
288,Saliency,True,False,Pearson,Random,2,50,-0.048845084369473
289,IntegratedGradients,True,False,Pearson,Random,2,50,0.0023635660523702
290,FusionGrad,True,False,Pearson,Random,2,50,0.092127156397915
291,Saliency,True,False,Spearman,Random,2,50,-0.029271137026239
292,IntegratedGradients,True,False,Spearman,Random,2,50,0.0200171497170296
293,FusionGrad,True,False,Spearman,Random,2,50,-0.0228434230835191
294,Saliency,True,False,Pearson,Random,2,100,-0.0377556948824269
295,IntegratedGradients,True,False,Pearson,Random,2,100,0.0215783453272427
296,FusionGrad,True,False,Pearson,Random,2,100,0.0411479976316295
297,Saliency,True,False,Spearman,Random,2,100,0.0096146757532896
298,IntegratedGradients,True,False,Spearman,Random,2,100,0.0491989198919892
299,FusionGrad,True,False,Spearman,Random,2,100,-0.0368522566542368
300,Saliency,True,False,Pearson,Random,112,50,-0.0385521385328967
301,IntegratedGradients,True,False,Pearson,Random,112,50,0.0143596413860273
302,FusionGrad,True,False,Pearson,Random,112,50,-0.0260730977951866
303,Saliency,True,False,Spearman,Random,112,50,-0.0103858686331675
304,IntegratedGradients,True,False,Spearman,Random,112,50,0.0178082661636083
305,FusionGrad,True,False,Spearman,Random,112,50,0.0019482078545703
306,Saliency,True,False,Pearson,Random,112,100,-0.0180742584463623
307,IntegratedGradients,True,False,Pearson,Random,112,100,-0.0018245082582954
308,FusionGrad,True,False,Pearson,Random,112,100,0.014272276674395
309,Saliency,True,False,Spearman,Random,112,100,-0.018078093523638
310,IntegratedGradients,True,False,Spearman,Random,112,100,0.0299875701855899
311,FusionGrad,True,False,Spearman,Random,112,100,0.0127126998414127
312,Saliency,True,False,Pearson,Random,224,50,-0.0855602001889623
313,IntegratedGradients,True,False,Pearson,Random,224,50,-0.0073204802078865
314,FusionGrad,True,False,Pearson,Random,224,50,0.0207287885617709
315,Saliency,True,False,Spearman,Random,224,50,-0.0193311610358429
316,IntegratedGradients,True,False,Spearman,Random,224,50,0.0671102726805007
317,FusionGrad,True,False,Spearman,Random,224,50,0.0340799176813582
318,Saliency,True,False,Pearson,Random,224,100,0.0075149179915805
319,IntegratedGradients,True,False,Pearson,Random,224,100,0.0068751321780012
320,FusionGrad,True,False,Pearson,Random,224,100,0.0200593841421924
321,Saliency,True,False,Spearman,Random,224,100,-0.0232994728044232
322,IntegratedGradients,True,False,Spearman,Random,224,100,0.0041909905276241
323,FusionGrad,True,False,Spearman,Random,224,100,0.013096738245253
324,Saliency,True,False,Pearson,Random,1792,50,0.0098846078553541
325,IntegratedGradients,True,False,Pearson,Random,1792,50,0.0075175409364334
326,FusionGrad,True,False,Pearson,Random,1792,50,-0.0003074642655008
327,Saliency,True,False,Spearman,Random,1792,50,-0.0583501972217458
328,IntegratedGradients,True,False,Spearman,Random,1792,50,0.063467672783399
329,FusionGrad,True,False,Spearman,Random,1792,50,0.01968787515006
330,Saliency,True,False,Pearson,Random,1792,100,0.0213980314755308
331,IntegratedGradients,True,False,Pearson,Random,1792,100,-0.0355490458036726
332,FusionGrad,True,False,Pearson,Random,1792,100,-0.0077683347155315
333,Saliency,True,False,Spearman,Random,1792,100,-0.0288465989456088
334,IntegratedGradients,True,False,Spearman,Random,1792,100,0.0415215807295015
335,FusionGrad,True,False,Spearman,Random,1792,100,0.0463169174060263
336,Saliency,True,False,Pearson,Uniform,2,50,-0.0291642535798243
337,IntegratedGradients,True,False,Pearson,Uniform,2,50,-0.0471640763737776
338,FusionGrad,True,False,Pearson,Uniform,2,50,0.0510734904319968
339,Saliency,True,False,Spearman,Uniform,2,50,0.0112502143714628
340,IntegratedGradients,True,False,Spearman,Uniform,2,50,0.0243457382953181
341,FusionGrad,True,False,Spearman,Uniform,2,50,0.0507288629737609
342,Saliency,True,False,Pearson,Uniform,2,100,0.0275777258680014
343,IntegratedGradients,True,False,Pearson,Uniform,2,100,-0.0551098675020577
344,FusionGrad,True,False,Pearson,Uniform,2,100,-0.011857607815286
345,Saliency,True,False,Spearman,Uniform,2,100,0.0057691483434057
346,IntegratedGradients,True,False,Spearman,Uniform,2,100,-0.0132673267326732
347,FusionGrad,True,False,Spearman,Uniform,2,100,-0.0359873130170159
348,Saliency,True,False,Pearson,Uniform,112,50,-0.067254042424873
349,IntegratedGradients,True,False,Pearson,Uniform,112,50,-0.016239267947968
350,FusionGrad,True,False,Pearson,Uniform,112,50,-0.0422805909370814
351,Saliency,True,False,Spearman,Uniform,112,50,-0.0228228434230835
352,IntegratedGradients,True,False,Spearman,Uniform,112,50,-0.0643182987480706
353,FusionGrad,True,False,Spearman,Uniform,112,50,0.0201886468873263
354,Saliency,True,False,Pearson,Uniform,112,100,0.0563057359182993
355,IntegratedGradients,True,False,Pearson,Uniform,112,100,0.0361041041980523
356,FusionGrad,True,False,Pearson,Uniform,112,100,0.0419421327918464
357,Saliency,True,False,Spearman,Uniform,112,100,-0.0064197848356264
358,IntegratedGradients,True,False,Spearman,Uniform,112,100,0.0614109982426814
359,FusionGrad,True,False,Spearman,Uniform,112,100,-0.047039561098967
360,Saliency,True,False,Pearson,Uniform,224,50,-0.038333043495823
361,IntegratedGradients,True,False,Pearson,Uniform,224,50,-0.0090840085433382
362,FusionGrad,True,False,Pearson,Uniform,224,50,-0.0024543406403871
363,Saliency,True,False,Spearman,Uniform,224,50,0.0798490824901389
364,IntegratedGradients,True,False,Spearman,Uniform,224,50,-0.0239547247470416
365,FusionGrad,True,False,Spearman,Uniform,224,50,0.0328039787343508
366,Saliency,True,False,Pearson,Uniform,224,100,0.0001818684969929
367,IntegratedGradients,True,False,Pearson,Uniform,224,100,0.0067513081368667
368,FusionGrad,True,False,Pearson,Uniform,224,100,-0.0448530318665844
369,Saliency,True,False,Spearman,Uniform,224,100,0.0166173760233166
370,IntegratedGradients,True,False,Spearman,Uniform,224,100,-0.0264146414641464
371,FusionGrad,True,False,Spearman,Uniform,224,100,-0.03008015087223
372,Saliency,True,False,Pearson,Uniform,1792,50,-0.0266379435441786
373,IntegratedGradients,True,False,Pearson,Uniform,1792,50,-0.0100502996929388
374,FusionGrad,True,False,Pearson,Uniform,1792,50,0.0802902603833496
375,Saliency,True,False,Spearman,Uniform,1792,50,-0.0270828331332532
376,IntegratedGradients,True,False,Spearman,Uniform,1792,50,0.054611558909278
377,FusionGrad,True,False,Spearman,Uniform,1792,50,-0.0072303206997084
378,Saliency,True,False,Pearson,Uniform,1792,100,0.026835742547778
379,IntegratedGradients,True,False,Pearson,Uniform,1792,100,0.0224522770293448
380,FusionGrad,True,False,Pearson,Uniform,1792,100,-0.0226742174721915
381,Saliency,True,False,Spearman,Uniform,1792,100,0.003022587973083
382,IntegratedGradients,True,False,Spearman,Uniform,1792,100,-0.055021216407355
383,FusionGrad,True,False,Spearman,Uniform,1792,100,0.009006900690069
384,Saliency,True,False,Pearson,Black,2,50,-0.0213149278556481
385,IntegratedGradients,True,False,Pearson,Black,2,50,0.0781127017143488
386,FusionGrad,True,False,Pearson,Black,2,50,-0.0153327928995158
387,Saliency,True,False,Spearman,Black,2,50,-0.025127765391871
388,IntegratedGradients,True,False,Spearman,Black,2,50,0.0369061910478477
389,FusionGrad,True,False,Spearman,Black,2,50,0.0434230835191219
390,Saliency,True,False,Pearson,Black,2,100,0.0562475556794399
391,IntegratedGradients,True,False,Pearson,Black,2,100,0.0416318043033133
392,FusionGrad,True,False,Pearson,Black,2,100,-0.0391870352123082
393,Saliency,True,False,Spearman,Black,2,100,0.0079533667652479
394,IntegratedGradients,True,False,Spearman,Black,2,100,-0.0130037367669226
395,FusionGrad,True,False,Spearman,Black,2,100,-0.0483999828554284
396,Saliency,True,False,Pearson,Black,112,50,0.0305064664744735
397,IntegratedGradients,True,False,Pearson,Black,112,50,0.0012333730880189
398,FusionGrad,True,False,Pearson,Black,112,50,0.0211119077315338
399,Saliency,True,False,Spearman,Black,112,50,0.0202298062081975
400,IntegratedGradients,True,False,Spearman,Black,112,50,0.0652786829017321
401,FusionGrad,True,False,Spearman,Black,112,50,0.054920253815812
402,Saliency,True,False,Pearson,Black,112,100,-0.0006075286255034
403,IntegratedGradients,True,False,Pearson,Black,112,100,-0.0103607228296162
404,FusionGrad,True,False,Pearson,Black,112,100,0.0162677313232699
405,Saliency,True,False,Spearman,Black,112,100,0.0018361836183618
406,IntegratedGradients,True,False,Spearman,Black,112,100,0.0567725343962967
407,FusionGrad,True,False,Spearman,Black,112,100,-0.0123963824953923
408,Saliency,True,False,Pearson,Black,224,50,0.0299527492371352
409,IntegratedGradients,True,False,Pearson,Black,224,50,0.0370625874354847
410,FusionGrad,True,False,Pearson,Black,224,50,0.0611550738698644
411,Saliency,True,False,Spearman,Black,224,50,0.0453781512605041
412,IntegratedGradients,True,False,Spearman,Black,224,50,0.0027851140456182
413,FusionGrad,True,False,Spearman,Black,224,50,0.0155376436288801
414,Saliency,True,False,Pearson,Black,224,100,-0.007350571401913
415,IntegratedGradients,True,False,Pearson,Black,224,100,-0.0070153051364128
416,FusionGrad,True,False,Pearson,Black,224,100,0.01725227399677
417,Saliency,True,False,Spearman,Black,224,100,0.0583824096695383
418,IntegratedGradients,True,False,Spearman,Black,224,100,0.0027705627705627
419,FusionGrad,True,False,Spearman,Black,224,100,0.0779272212935579
420,Saliency,True,False,Pearson,Black,1792,50,0.0752878680713932
421,IntegratedGradients,True,False,Pearson,Black,1792,50,-0.0418816356897013
422,FusionGrad,True,False,Pearson,Black,1792,50,-0.0171652062841918
423,Saliency,True,False,Spearman,Black,1792,50,-0.0432172869147659
424,IntegratedGradients,True,False,Spearman,Black,1792,50,0.0633579145944091
425,FusionGrad,True,False,Spearman,Black,1792,50,-0.0486708969302006
426,Saliency,True,False,Pearson,Black,1792,100,0.0246353808154333
427,IntegratedGradients,True,False,Pearson,Black,1792,100,0.0146594191594615
428,FusionGrad,True,False,Pearson,Black,1792,100,0.0527841048852898
429,Saliency,True,False,Spearman,Black,1792,100,0.086074321717886
430,IntegratedGradients,True,False,Spearman,Black,1792,100,0.0456508507993656
431,FusionGrad,True,False,Spearman,Black,1792,100,-0.0198062663409198
432,Saliency,True,False,Pearson,White,2,50,-0.032218283695071
433,IntegratedGradients,True,False,Pearson,White,2,50,-0.0599240243985007
434,FusionGrad,True,False,Pearson,White,2,50,-0.0059240930527409
435,Saliency,True,False,Spearman,White,2,50,0.0135414165666266
436,IntegratedGradients,True,False,Spearman,White,2,50,0.0031212484993997
437,FusionGrad,True,False,Spearman,White,2,50,-0.0237763676899331
438,Saliency,True,False,Pearson,White,2,100,0.0043708368874812
439,IntegratedGradients,True,False,Pearson,White,2,100,-0.0536878726509422
440,FusionGrad,True,False,Pearson,White,2,100,0.0602217355140607
441,Saliency,True,False,Spearman,White,2,100,-0.009006900690069
442,IntegratedGradients,True,False,Spearman,White,2,100,-0.0646178903604646
443,FusionGrad,True,False,Spearman,White,2,100,0.036020744931636
444,Saliency,True,False,Pearson,White,112,50,-0.0172130759080835
445,IntegratedGradients,True,False,Pearson,White,112,50,0.0197878637627006
446,FusionGrad,True,False,Pearson,White,112,50,-0.0077930475312677
447,Saliency,True,False,Spearman,White,112,50,-0.0110444177671068
448,IntegratedGradients,True,False,Spearman,White,112,50,0.0064963128108386
449,FusionGrad,True,False,Spearman,White,112,50,0.0326462013376779
450,Saliency,True,False,Pearson,White,112,100,0.0510588401663128
451,IntegratedGradients,True,False,Pearson,White,112,100,-0.0280604626152478
452,FusionGrad,True,False,Pearson,White,112,100,0.0356731059963906
453,Saliency,True,False,Spearman,White,112,100,0.0467378166388067
454,IntegratedGradients,True,False,Spearman,White,112,100,-0.0315374394582315
455,FusionGrad,True,False,Spearman,White,112,100,-0.0013355748382405
456,Saliency,True,False,Pearson,White,224,50,0.033280165302364
457,IntegratedGradients,True,False,Pearson,White,224,50,-0.0176269832999225
458,FusionGrad,True,False,Pearson,White,224,50,0.0955039755536433
459,Saliency,True,False,Spearman,White,224,50,0.0706979934831075
460,IntegratedGradients,True,False,Spearman,White,224,50,-0.0582404390327559
461,FusionGrad,True,False,Spearman,White,224,50,0.0790739152803978
462,Saliency,True,False,Pearson,White,224,100,0.0549658397382556
463,IntegratedGradients,True,False,Pearson,White,224,100,0.0003768619344702
464,FusionGrad,True,False,Pearson,White,224,100,0.0109470331017632
465,Saliency,True,False,Spearman,White,224,100,0.0502704556169902
466,IntegratedGradients,True,False,Spearman,White,224,100,-0.005031074536025
467,FusionGrad,True,False,Spearman,White,224,100,0.0543602931721743
468,Saliency,True,False,Pearson,White,1792,50,0.0203911538643452
469,IntegratedGradients,True,False,Pearson,White,1792,50,0.0743108054529898
470,FusionGrad,True,False,Pearson,White,1792,50,0.0087476714474666
471,Saliency,True,False,Spearman,White,1792,50,0.0220545361001543
472,IntegratedGradients,True,False,Spearman,White,1792,50,0.0264791630938089
473,FusionGrad,True,False,Spearman,White,1792,50,0.0372423255016292
474,Saliency,True,False,Pearson,White,1792,100,-0.0244248526760963
475,IntegratedGradients,True,False,Pearson,White,1792,100,0.0352568670358639
476,FusionGrad,True,False,Pearson,White,1792,100,0.0504192855658083
477,Saliency,True,False,Spearman,White,1792,100,-0.0053748231966053
478,IntegratedGradients,True,False,Spearman,White,1792,100,0.0478805023359478
479,FusionGrad,True,False,Spearman,White,1792,100,0.0396811109682396
480,Saliency,False,True,Pearson,Mean,2,50,-0.0104779128001762
481,IntegratedGradients,False,True,Pearson,Mean,2,50,0.0303863261865664
482,FusionGrad,False,True,Pearson,Mean,2,50,-0.0318065907505841
483,Saliency,False,True,Spearman,Mean,2,50,0.0165391871034128
484,IntegratedGradients,False,True,Spearman,Mean,2,50,-0.034868804664723
485,FusionGrad,False,True,Spearman,Mean,2,50,-0.0796021265649116
486,Saliency,False,True,Pearson,Mean,2,100,-0.0397236202079283
487,IntegratedGradients,False,True,Pearson,Mean,2,100,0.0571650670089455
488,FusionGrad,False,True,Pearson,Mean,2,100,-0.0065948069968077
489,Saliency,False,True,Spearman,Mean,2,100,-0.0424666769171527
490,IntegratedGradients,False,True,Spearman,Mean,2,100,0.0517539375503289
491,FusionGrad,False,True,Spearman,Mean,2,100,0.0213732801851613
492,Saliency,False,True,Pearson,Mean,112,50,0.0103678242941764
493,IntegratedGradients,False,True,Pearson,Mean,112,50,-0.0776975453173554
494,FusionGrad,False,True,Pearson,Mean,112,50,0.0247481228083945
495,Saliency,False,True,Spearman,Mean,112,50,-0.0162922311781855
496,IntegratedGradients,False,True,Spearman,Mean,112,50,0.0142754244554964
497,FusionGrad,False,True,Spearman,Mean,112,50,0.0215674841365117
498,Saliency,False,True,Pearson,Mean,112,100,0.0221282128224591
499,IntegratedGradients,False,True,Pearson,Mean,112,100,0.0140240406930444
500,FusionGrad,False,True,Pearson,Mean,112,100,0.0392537542934768
501,Saliency,False,True,Spearman,Mean,112,100,-0.0058257254296858
502,IntegratedGradients,False,True,Spearman,Mean,112,100,-0.006010886802966
503,FusionGrad,False,True,Spearman,Mean,112,100,0.0098495563842098
504,Saliency,False,True,Pearson,Mean,224,50,-0.057554871782528
505,IntegratedGradients,False,True,Pearson,Mean,224,50,0.0345942244582866
506,FusionGrad,False,True,Pearson,Mean,224,50,0.013005891801487
507,Saliency,False,True,Spearman,Mean,224,50,-0.0113668324472646
508,IntegratedGradients,False,True,Spearman,Mean,224,50,0.0582129994855084
509,FusionGrad,False,True,Spearman,Mean,224,50,0.03584976847882
510,Saliency,False,True,Pearson,Mean,224,100,-0.0099414157908097
511,IntegratedGradients,False,True,Pearson,Mean,224,100,0.0405760442426279
512,FusionGrad,False,True,Pearson,Mean,224,100,-0.0113148655130129
513,Saliency,False,True,Spearman,Mean,224,100,-0.0305713428485705
514,IntegratedGradients,False,True,Spearman,Mean,224,100,0.0383909819553383
515,FusionGrad,False,True,Spearman,Mean,224,100,-0.0307727915648707
516,Saliency,False,True,Pearson,Mean,1792,50,0.0390328909007235
517,IntegratedGradients,False,True,Pearson,Mean,1792,50,0.0416815663817385
518,FusionGrad,False,True,Pearson,Mean,1792,50,-0.0368920243212366
519,Saliency,False,True,Spearman,Mean,1792,50,0.0146801577773966
520,IntegratedGradients,False,True,Spearman,Mean,1792,50,0.0066678099811353
521,FusionGrad,False,True,Spearman,Mean,1792,50,0.0081426856456868
522,Saliency,False,True,Pearson,Mean,1792,100,-0.0070699320233605
523,IntegratedGradients,False,True,Pearson,Mean,1792,100,-0.0317821431491441
524,FusionGrad,False,True,Pearson,Mean,1792,100,-0.0300534304381345
525,Saliency,False,True,Spearman,Mean,1792,100,-0.016092752132356
526,IntegratedGradients,False,True,Spearman,Mean,1792,100,-0.0333230465903733
527,FusionGrad,False,True,Spearman,Mean,1792,100,-0.0229394368008229
528,Saliency,False,True,Pearson,Random,2,50,-0.0233908969591346
529,IntegratedGradients,False,True,Pearson,Random,2,50,-0.0053270392201873
530,FusionGrad,False,True,Pearson,Random,2,50,-0.0048428106971451
531,Saliency,False,True,Spearman,Random,2,50,-0.0574927113702623
532,IntegratedGradients,False,True,Spearman,Random,2,50,0.0514971702966901
533,FusionGrad,False,True,Spearman,Random,2,50,0.0586245926942205
534,Saliency,False,True,Pearson,Random,2,100,-0.022263137885382
535,IntegratedGradients,False,True,Pearson,Random,2,100,-0.0370474667926737
536,FusionGrad,False,True,Pearson,Random,2,100,0.0293049259847422
537,Saliency,False,True,Spearman,Random,2,100,-0.0164000954899324
538,IntegratedGradients,False,True,Spearman,Random,2,100,0.0127088914564234
539,FusionGrad,False,True,Spearman,Random,2,100,-0.0146380352320946
540,Saliency,False,True,Pearson,Random,112,50,-0.0038234126166654
541,IntegratedGradients,False,True,Pearson,Random,112,50,0.0155899905946663
542,FusionGrad,False,True,Pearson,Random,112,50,-0.0046062895036587
543,Saliency,False,True,Spearman,Random,112,50,-0.0516412279197393
544,IntegratedGradients,False,True,Spearman,Random,112,50,0.0191047847710512
545,FusionGrad,False,True,Spearman,Random,112,50,-0.0535619962270622
546,Saliency,False,True,Pearson,Random,112,100,0.0165474903471395
547,IntegratedGradients,False,True,Pearson,Random,112,100,-0.0098040328942267
548,FusionGrad,False,True,Pearson,Random,112,100,-0.028735806028857
549,Saliency,False,True,Spearman,Random,112,100,0.0013878530710213
550,IntegratedGradients,False,True,Spearman,Random,112,100,0.0214615747289014
551,FusionGrad,False,True,Spearman,Random,112,100,0.0437718057520037
552,Saliency,False,True,Pearson,Random,224,50,-0.0155603188992302
553,IntegratedGradients,False,True,Pearson,Random,224,50,-0.0104122724458403
554,FusionGrad,False,True,Pearson,Random,224,50,-0.0275573383020341
555,Saliency,False,True,Spearman,Random,224,50,-0.0483965014577259
556,IntegratedGradients,False,True,Spearman,Random,224,50,0.0101800720288115
557,FusionGrad,False,True,Spearman,Random,224,50,0.0297033098953867
558,Saliency,False,True,Pearson,Random,224,100,-0.0260719561098972
559,IntegratedGradients,False,True,Pearson,Random,224,100,-9.008816248309575e-05
560,FusionGrad,False,True,Pearson,Random,224,100,-0.000479971663846
561,Saliency,False,True,Spearman,Random,224,100,-0.0267301015815867
562,IntegratedGradients,False,True,Spearman,Random,224,100,-0.0081376709099481
563,FusionGrad,False,True,Spearman,Random,224,100,-0.0381089537525181
564,Saliency,False,True,Pearson,Random,1792,50,-0.0053150690889158
565,IntegratedGradients,False,True,Pearson,Random,1792,50,0.03058951401825
566,FusionGrad,False,True,Pearson,Random,1792,50,-0.0249621317475394
567,Saliency,False,True,Spearman,Random,1792,50,0.0409603841536614
568,IntegratedGradients,False,True,Spearman,Random,1792,50,-0.0118401646372834
569,FusionGrad,False,True,Spearman,Random,1792,50,0.0432584462356371
570,Saliency,False,True,Pearson,Random,1792,100,-0.044323000124033
571,IntegratedGradients,False,True,Pearson,Random,1792,100,0.0333244359936035
572,FusionGrad,False,True,Pearson,Random,1792,100,-0.0283576997331792
573,Saliency,False,True,Spearman,Random,1792,100,0.0267575328961467
574,IntegratedGradients,False,True,Spearman,Random,1792,100,0.0332373237323732
575,FusionGrad,False,True,Spearman,Random,1792,100,0.0038446701813038
576,Saliency,False,True,Pearson,Uniform,2,50,0.0910115228094601
577,IntegratedGradients,False,True,Pearson,Uniform,2,50,-0.0405828900215891
578,FusionGrad,False,True,Pearson,Uniform,2,50,-0.015044135554435
579,Saliency,False,True,Spearman,Uniform,2,50,-0.0024626993654604
580,IntegratedGradients,False,True,Spearman,Uniform,2,50,0.0090550505916652
581,FusionGrad,False,True,Spearman,Uniform,2,50,0.0403841536614645
582,Saliency,False,True,Pearson,Uniform,2,100,-0.0226342366528848
583,IntegratedGradients,False,True,Pearson,Uniform,2,100,0.0226388530116649
584,FusionGrad,False,True,Pearson,Uniform,2,100,-0.0066509499845878
585,Saliency,False,True,Spearman,Uniform,2,100,0.0127924220993527
586,IntegratedGradients,False,True,Spearman,Uniform,2,100,-0.0160010286742959
587,FusionGrad,False,True,Spearman,Uniform,2,100,0.0414632891860614
588,Saliency,False,True,Pearson,Uniform,112,50,0.0252583773346175
589,IntegratedGradients,False,True,Pearson,Uniform,112,50,-0.0768639775530581
590,FusionGrad,False,True,Pearson,Uniform,112,50,-0.10160113215146
591,Saliency,False,True,Spearman,Uniform,112,50,-0.0335654261704681
592,IntegratedGradients,False,True,Spearman,Uniform,112,50,0.0016806722689075
593,FusionGrad,False,True,Spearman,Uniform,112,50,-0.0331812725090036
594,Saliency,False,True,Pearson,Uniform,112,100,0.0116726992859479
595,IntegratedGradients,False,True,Pearson,Uniform,112,100,-0.0569369352304609
596,FusionGrad,False,True,Pearson,Uniform,112,100,-0.0526152487122352
597,Saliency,False,True,Spearman,Uniform,112,100,-0.0007217851912432
598,IntegratedGradients,False,True,Spearman,Uniform,112,100,0.0026651236552226
599,FusionGrad,False,True,Spearman,Uniform,112,100,0.037045133084737
600,Saliency,False,True,Pearson,Uniform,224,50,-0.0469478079580612
601,IntegratedGradients,False,True,Pearson,Uniform,224,50,0.0383340856540397
602,FusionGrad,False,True,Pearson,Uniform,224,50,0.0275043048644693
603,Saliency,False,True,Spearman,Uniform,224,50,0.0284753901560624
604,IntegratedGradients,False,True,Spearman,Uniform,224,50,-0.1028022637626479
605,FusionGrad,False,True,Spearman,Uniform,224,50,-0.0197329022111161
606,Saliency,False,True,Pearson,Uniform,224,100,-0.0098245683481611
607,IntegratedGradients,False,True,Pearson,Uniform,224,100,-0.0191079890912953
608,FusionGrad,False,True,Pearson,Uniform,224,100,0.0186787837109519
609,Saliency,False,True,Spearman,Uniform,224,100,-0.0028065663709228
610,IntegratedGradients,False,True,Spearman,Uniform,224,100,0.0157464317860357
611,FusionGrad,False,True,Spearman,Uniform,224,100,0.0165307959367365
612,Saliency,False,True,Pearson,Uniform,1792,50,0.0257389377005055
613,IntegratedGradients,False,True,Pearson,Uniform,1792,50,-0.0893588441422211
614,FusionGrad,False,True,Pearson,Uniform,1792,50,-0.0915255978989866
615,Saliency,False,True,Spearman,Uniform,1792,50,0.0110306979934831
616,IntegratedGradients,False,True,Spearman,Uniform,1792,50,-0.0273778082661636
617,FusionGrad,False,True,Spearman,Uniform,1792,50,0.0096793002915451
618,Saliency,False,True,Pearson,Uniform,1792,100,-0.0269009577741936
619,IntegratedGradients,False,True,Pearson,Uniform,1792,100,-0.0372245891717442
620,FusionGrad,False,True,Pearson,Uniform,1792,100,-0.0116085301779923
621,Saliency,False,True,Spearman,Uniform,1792,100,-0.0520980669495521
622,IntegratedGradients,False,True,Spearman,Uniform,1792,100,0.027042132784707
623,FusionGrad,False,True,Spearman,Uniform,1792,100,0.06007200720072
624,Saliency,False,True,Pearson,Black,2,50,-0.0250337416165312
625,IntegratedGradients,False,True,Pearson,Black,2,50,0.1118953679655929
626,FusionGrad,False,True,Pearson,Black,2,50,-0.0087477662551354
627,Saliency,False,True,Spearman,Black,2,50,-0.0486708969302006
628,IntegratedGradients,False,True,Spearman,Black,2,50,-0.0026684959698164
629,FusionGrad,False,True,Spearman,Black,2,50,0.0033407648773795
630,Saliency,False,True,Pearson,Black,2,100,0.0169670030541988
631,IntegratedGradients,False,True,Pearson,Black,2,100,0.0141424908950399
632,FusionGrad,False,True,Pearson,Black,2,100,0.0399513465721787
633,Saliency,False,True,Spearman,Black,2,100,-0.0158913034160558
634,IntegratedGradients,False,True,Spearman,Black,2,100,-0.0154824053833954
635,FusionGrad,False,True,Spearman,Black,2,100,0.0155304101838755
636,Saliency,False,True,Pearson,Black,112,50,0.0358075599838501
637,IntegratedGradients,False,True,Pearson,Black,112,50,-0.0310706343111142
638,FusionGrad,False,True,Pearson,Black,112,50,-0.0428143709046339
639,Saliency,False,True,Spearman,Black,112,50,0.0089452924026753
640,IntegratedGradients,False,True,Spearman,Black,112,50,0.0253267021094152
641,FusionGrad,False,True,Spearman,Black,112,50,0.0566626650660264
642,Saliency,False,True,Pearson,Black,112,100,0.0202626520519503
643,IntegratedGradients,False,True,Pearson,Black,112,100,0.0879429729842984
644,FusionGrad,False,True,Pearson,Black,112,100,-0.0241901752295732
645,Saliency,False,True,Spearman,Black,112,100,-0.005025931164545
646,IntegratedGradients,False,True,Spearman,Black,112,100,0.0143920106296343
647,FusionGrad,False,True,Spearman,Black,112,100,0.0675178946466075
648,Saliency,False,True,Pearson,Black,224,50,-0.0123831895004609
649,IntegratedGradients,False,True,Pearson,Black,224,50,-0.0131766934949744
650,FusionGrad,False,True,Pearson,Black,224,50,0.0441574985262846
651,Saliency,False,True,Spearman,Black,224,50,0.0490962099125364
652,IntegratedGradients,False,True,Spearman,Black,224,50,0.0131984222260332
653,FusionGrad,False,True,Spearman,Black,224,50,-0.0153455667981478
654,Saliency,False,True,Pearson,Black,224,100,-0.0286433617399937
655,IntegratedGradients,False,True,Pearson,Black,224,100,0.0282034405510322
656,FusionGrad,False,True,Pearson,Black,224,100,-0.0129745238831142
657,Saliency,False,True,Spearman,Black,224,100,0.0029634392010629
658,IntegratedGradients,False,True,Spearman,Black,224,100,0.0204697612618404
659,FusionGrad,False,True,Spearman,Black,224,100,0.0194985212806995
660,Saliency,False,True,Pearson,Black,1792,50,-0.0338398776170383
661,IntegratedGradients,False,True,Pearson,Black,1792,50,0.0222371511592438
662,FusionGrad,False,True,Pearson,Black,1792,50,0.1550283481779633
663,Saliency,False,True,Spearman,Black,1792,50,0.089013891270794
664,IntegratedGradients,False,True,Spearman,Black,1792,50,-0.0506328245583947
665,FusionGrad,False,True,Spearman,Black,1792,50,0.0435602812553592
666,Saliency,False,True,Pearson,Black,1792,100,0.0457319255215199
667,IntegratedGradients,False,True,Pearson,Black,1792,100,0.0612543470431643
668,FusionGrad,False,True,Pearson,Black,1792,100,0.0160782085454405
669,Saliency,False,True,Spearman,Black,1792,100,-0.0001671595731001
670,IntegratedGradients,False,True,Spearman,Black,1792,100,0.0149303501778749
671,FusionGrad,False,True,Spearman,Black,1792,100,0.0232986155758432
672,Saliency,False,True,Pearson,White,2,50,-0.091946436888043
673,IntegratedGradients,False,True,Pearson,White,2,50,-0.0370095315552177
674,FusionGrad,False,True,Pearson,White,2,50,0.001653284137261
675,Saliency,False,True,Spearman,White,2,50,-0.0321591493740353
676,IntegratedGradients,False,True,Spearman,White,2,50,-0.0558463385354141
677,FusionGrad,False,True,Spearman,White,2,50,-0.0147007374378322
678,Saliency,False,True,Pearson,White,2,100,0.0208140903642186
679,IntegratedGradients,False,True,Pearson,White,2,100,-0.0213391484775813
680,FusionGrad,False,True,Pearson,White,2,100,-0.0382919938481907
681,Saliency,False,True,Spearman,White,2,100,-0.0153915391539153
682,IntegratedGradients,False,True,Spearman,White,2,100,0.0152115211521152
683,FusionGrad,False,True,Spearman,White,2,100,-0.0015378680725215
684,Saliency,False,True,Pearson,White,112,50,-0.0249849127913991
685,IntegratedGradients,False,True,Pearson,White,112,50,-0.0308207869610177
686,FusionGrad,False,True,Pearson,White,112,50,-0.021879981568613
687,Saliency,False,True,Spearman,White,112,50,-0.056731263934145
688,IntegratedGradients,False,True,Spearman,White,112,50,-0.0313016635225518
689,FusionGrad,False,True,Spearman,White,112,50,-0.069840507631624
690,Saliency,False,True,Pearson,White,112,100,-0.0621028774089279
691,IntegratedGradients,False,True,Pearson,White,112,100,0.0453970410453997
692,FusionGrad,False,True,Pearson,White,112,100,-0.0215544845748846
693,Saliency,False,True,Spearman,White,112,100,-0.0031331704599031
694,IntegratedGradients,False,True,Spearman,White,112,100,-0.0153023873815953
695,FusionGrad,False,True,Spearman,White,112,100,-0.0225339676824825
696,Saliency,False,True,Pearson,White,224,50,0.0106295771016067
697,IntegratedGradients,False,True,Pearson,White,224,50,-0.0126994536021403
698,FusionGrad,False,True,Pearson,White,224,50,-0.0428316571301421
699,Saliency,False,True,Spearman,White,224,50,-0.0305539358600583
700,IntegratedGradients,False,True,Spearman,White,224,50,-0.044609843937575
701,FusionGrad,False,True,Spearman,White,224,50,0.0148996741553764
702,Saliency,False,True,Pearson,White,224,100,-0.009335564801396
703,IntegratedGradients,False,True,Pearson,White,224,100,-0.0171046641691608
704,FusionGrad,False,True,Pearson,White,224,100,-0.0075892037392225
705,Saliency,False,True,Spearman,White,224,100,-0.0137285157087137
706,IntegratedGradients,False,True,Spearman,White,224,100,0.0193185032788993
707,FusionGrad,False,True,Spearman,White,224,100,-0.0177394882345377
708,Saliency,False,True,Pearson,White,1792,50,-0.0554585775799416
709,IntegratedGradients,False,True,Pearson,White,1792,50,-0.0013490344720999
710,FusionGrad,False,True,Pearson,White,1792,50,-0.0909377151112606
711,Saliency,False,True,Spearman,White,1792,50,0.0641536614645858
712,IntegratedGradients,False,True,Spearman,White,1792,50,-0.0027508146115589
713,FusionGrad,False,True,Spearman,White,1792,50,-0.0485131195335276
714,Saliency,False,True,Pearson,White,1792,100,0.0111390527480481
715,IntegratedGradients,False,True,Pearson,White,1792,100,0.0113453739586747
716,FusionGrad,False,True,Pearson,White,1792,100,-0.0349840942705302
717,Saliency,False,True,Spearman,White,1792,100,-0.0283228322832283
718,IntegratedGradients,False,True,Spearman,White,1792,100,-0.012050919377652
719,FusionGrad,False,True,Spearman,White,1792,100,-0.0532930435900732
720,Saliency,False,False,Pearson,Mean,2,50,-0.0155184035129801
721,IntegratedGradients,False,False,Pearson,Mean,2,50,0.0417910912093219
722,FusionGrad,False,False,Pearson,Mean,2,50,0.003441136778035
723,Saliency,False,False,Spearman,Mean,2,50,0.0299296861601783
724,IntegratedGradients,False,False,Spearman,Mean,2,50,-0.016628365631967
725,FusionGrad,False,False,Spearman,Mean,2,50,0.0357880294975132
726,Saliency,False,False,Pearson,Mean,2,100,0.0458334930698368
727,IntegratedGradients,False,False,Pearson,Mean,2,100,0.016398627116002
728,FusionGrad,False,False,Pearson,Mean,2,100,0.0016954931700024
729,Saliency,False,False,Spearman,Mean,2,100,0.0107985084222708
730,IntegratedGradients,False,False,Spearman,Mean,2,100,0.0038317746367283
731,FusionGrad,False,False,Spearman,Mean,2,100,-0.0196502507393596
732,Saliency,False,False,Pearson,Mean,112,50,-0.0516872897325247
733,IntegratedGradients,False,False,Pearson,Mean,112,50,0.0224927634478391
734,FusionGrad,False,False,Pearson,Mean,112,50,0.0054886424738735
735,Saliency,False,False,Spearman,Mean,112,50,-0.0150711713256731
736,IntegratedGradients,False,False,Spearman,Mean,112,50,-0.0002263762647916
737,FusionGrad,False,False,Spearman,Mean,112,50,0.0375167209741039
738,Saliency,False,False,Pearson,Mean,112,100,-0.0338481629545344
739,IntegratedGradients,False,False,Pearson,Mean,112,100,0.0156294129125046
740,FusionGrad,False,False,Pearson,Mean,112,100,-0.0024093036263582
741,Saliency,False,False,Spearman,Mean,112,100,-0.0222965153658222
742,IntegratedGradients,False,False,Spearman,Mean,112,100,0.0131558870172731
743,FusionGrad,False,False,Spearman,Mean,112,100,0.041042389953281
744,Saliency,False,False,Pearson,Mean,224,50,0.0145400802910615
745,IntegratedGradients,False,False,Pearson,Mean,224,50,0.015699784119077
746,FusionGrad,False,False,Pearson,Mean,224,50,-0.0083665881258793
747,Saliency,False,False,Spearman,Mean,224,50,0.0780655119190533
748,IntegratedGradients,False,False,Spearman,Mean,224,50,-0.0206276796432858
749,FusionGrad,False,False,Spearman,Mean,224,50,0.0033613445378151
750,Saliency,False,False,Pearson,Mean,224,100,0.0103994411866993
751,IntegratedGradients,False,False,Pearson,Mean,224,100,0.0056015680667327
752,FusionGrad,False,False,Pearson,Mean,224,100,0.0226579204255462
753,Saliency,False,False,Spearman,Mean,224,100,-0.0325952595259525
754,IntegratedGradients,False,False,Spearman,Mean,224,100,0.0309013758518708
755,FusionGrad,False,False,Spearman,Mean,224,100,0.0202323089451802
756,Saliency,False,False,Pearson,Mean,1792,50,-0.0523571692366621
757,IntegratedGradients,False,False,Pearson,Mean,1792,50,0.0472007399116949
758,FusionGrad,False,False,Pearson,Mean,1792,50,0.0135228930492826
759,Saliency,False,False,Spearman,Mean,1792,50,-0.0108386211627508
760,IntegratedGradients,False,False,Spearman,Mean,1792,50,0.016058995026582
761,FusionGrad,False,False,Spearman,Mean,1792,50,-0.0475184359458068
762,Saliency,False,False,Pearson,Mean,1792,100,-0.0104871749642056
763,IntegratedGradients,False,False,Pearson,Mean,1792,100,0.0181634748444111
764,FusionGrad,False,False,Pearson,Mean,1792,100,-0.0034600576922257
765,Saliency,False,False,Spearman,Mean,1792,100,-0.0173365908019373
766,IntegratedGradients,False,False,Spearman,Mean,1792,100,0.0188187390167588
767,FusionGrad,False,False,Spearman,Mean,1792,100,-0.01000042861429
768,Saliency,False,False,Pearson,Random,2,50,0.0563179724527514
769,IntegratedGradients,False,False,Pearson,Random,2,50,0.0514400504993058
770,FusionGrad,False,False,Pearson,Random,2,50,0.0791567090534959
771,Saliency,False,False,Spearman,Random,2,50,-0.033675184359458
772,IntegratedGradients,False,False,Spearman,Random,2,50,0.0009192248327902
773,FusionGrad,False,False,Spearman,Random,2,50,-0.0408849253987309
774,Saliency,False,False,Pearson,Random,2,100,-0.0441091066349595
775,IntegratedGradients,False,False,Pearson,Random,2,100,0.0353537728412366
776,FusionGrad,False,False,Pearson,Random,2,100,0.0158224858352872
777,Saliency,False,False,Spearman,Random,2,100,0.0485851442287085
778,IntegratedGradients,False,False,Spearman,Random,2,100,0.0236055034074836
779,FusionGrad,False,False,Spearman,Random,2,100,-0.0059311645450259
780,Saliency,False,False,Pearson,Random,112,50,0.0468984999883771
781,IntegratedGradients,False,False,Pearson,Random,112,50,0.0138947494745575
782,FusionGrad,False,False,Pearson,Random,112,50,-0.0121650616433695
783,Saliency,False,False,Spearman,Random,112,50,0.0297650488766935
784,IntegratedGradients,False,False,Spearman,Random,112,50,0.026938775510204
785,FusionGrad,False,False,Spearman,Random,112,50,-0.036631795575373
786,Saliency,False,False,Pearson,Random,112,100,-0.0011186494560038
787,IntegratedGradients,False,False,Pearson,Random,112,100,0.0036920826427589
788,FusionGrad,False,False,Pearson,Random,112,100,-0.0192844384871512
789,Saliency,False,False,Spearman,Random,112,100,0.0112468389696112
790,IntegratedGradients,False,False,Spearman,Random,112,100,-0.0058377266298058
791,FusionGrad,False,False,Spearman,Random,112,100,-0.0009343791522009
792,Saliency,False,False,Pearson,Random,224,50,-0.0430251495761227
793,IntegratedGradients,False,False,Pearson,Random,224,50,0.022766116296284
794,FusionGrad,False,False,Pearson,Random,224,50,-0.0061659473840448
795,Saliency,False,False,Spearman,Random,224,50,0.0328931572629051
796,IntegratedGradients,False,False,Spearman,Random,224,50,0.0103858686331675
797,FusionGrad,False,False,Spearman,Random,224,50,-0.0332978905848053
798,Saliency,False,False,Pearson,Random,224,100,0.0161659436160071
799,IntegratedGradients,False,False,Pearson,Random,224,100,0.043717206621071
800,FusionGrad,False,False,Pearson,Random,224,100,-0.0304913547671438
801,Saliency,False,False,Spearman,Random,224,100,0.0292529252925292
802,IntegratedGradients,False,False,Spearman,Random,224,100,0.0556778534996356
803,FusionGrad,False,False,Spearman,Random,224,100,-0.0403771805752003
804,Saliency,False,False,Pearson,Random,1792,50,0.0004373913613466
805,IntegratedGradients,False,False,Pearson,Random,1792,50,-0.0073758007300595
806,FusionGrad,False,False,Pearson,Random,1792,50,-0.0270738788351622
807,Saliency,False,False,Spearman,Random,1792,50,-0.0650660264105642
808,IntegratedGradients,False,False,Spearman,Random,1792,50,0.0933219001886469
809,FusionGrad,False,False,Spearman,Random,1792,50,-0.0359869662150574
810,Saliency,False,False,Pearson,Random,1792,100,-0.0031903666671926
811,IntegratedGradients,False,False,Pearson,Random,1792,100,0.0288510337992146
812,FusionGrad,False,False,Pearson,Random,1792,100,-0.0369679015794391
813,Saliency,False,False,Spearman,Random,1792,100,-0.005068792593545
814,IntegratedGradients,False,False,Spearman,Random,1792,100,-0.0109999571385709
815,FusionGrad,False,False,Spearman,Random,1792,100,-0.0109468089666109
816,Saliency,False,False,Pearson,Uniform,2,50,-0.0198390506704727
817,IntegratedGradients,False,False,Pearson,Uniform,2,50,-0.053724196347916
818,FusionGrad,False,False,Pearson,Uniform,2,50,0.0134378111755849
819,Saliency,False,False,Spearman,Uniform,2,50,-0.0182472989195678
820,IntegratedGradients,False,False,Spearman,Uniform,2,50,-0.0080946664380037
821,FusionGrad,False,False,Spearman,Uniform,2,50,0.0558874978562853
822,Saliency,False,False,Pearson,Uniform,2,100,0.005387188960969
823,IntegratedGradients,False,False,Pearson,Uniform,2,100,-0.0113518489310359
824,FusionGrad,False,False,Pearson,Uniform,2,100,0.005370007264706
825,Saliency,False,False,Spearman,Uniform,2,100,0.0177994942351377
826,IntegratedGradients,False,False,Spearman,Uniform,2,100,-0.0193377850128838
827,FusionGrad,False,False,Spearman,Uniform,2,100,0.0104873344477304
828,Saliency,False,False,Pearson,Uniform,112,50,-0.0254901784463712
829,IntegratedGradients,False,False,Pearson,Uniform,112,50,0.044032165119715
830,FusionGrad,False,False,Pearson,Uniform,112,50,0.0214539928989588
831,Saliency,False,False,Spearman,Uniform,112,50,-0.0071617218315897
832,IntegratedGradients,False,False,Spearman,Uniform,112,50,-0.0378459955410735
833,FusionGrad,False,False,Spearman,Uniform,112,50,-0.0509415194649288
834,Saliency,False,False,Pearson,Uniform,112,100,-0.0327517174785136
835,IntegratedGradients,False,False,Pearson,Uniform,112,100,0.023722600062623
836,FusionGrad,False,False,Pearson,Uniform,112,100,-0.0065489834981268
837,Saliency,False,False,Spearman,Uniform,112,100,0.0269855556984269
838,IntegratedGradients,False,False,Spearman,Uniform,112,100,0.0175774720329175
839,FusionGrad,False,False,Spearman,Uniform,112,100,0.0146843255754146
840,Saliency,False,False,Pearson,Uniform,224,50,0.0226346520568863
841,IntegratedGradients,False,False,Pearson,Uniform,224,50,-0.0159984272110881
842,FusionGrad,False,False,Pearson,Uniform,224,50,0.0024707987951348
843,Saliency,False,False,Spearman,Uniform,224,50,-0.0583227576744983
844,IntegratedGradients,False,False,Spearman,Uniform,224,50,-0.0103995884067912
845,FusionGrad,False,False,Spearman,Uniform,224,50,-0.0268427370948379
846,Saliency,False,False,Pearson,Uniform,224,100,0.0063337137296595
847,IntegratedGradients,False,False,Pearson,Uniform,224,100,-0.0152311298554134
848,FusionGrad,False,False,Pearson,Uniform,224,100,-0.004653162279576
849,Saliency,False,False,Spearman,Uniform,224,100,-0.0055659851699455
850,IntegratedGradients,False,False,Spearman,Uniform,224,100,-0.0182392524966782
851,FusionGrad,False,False,Spearman,Uniform,224,100,-0.006025459688826
852,Saliency,False,False,Pearson,Uniform,1792,50,0.0451734929353469
853,IntegratedGradients,False,False,Pearson,Uniform,1792,50,0.0464334943008224
854,FusionGrad,False,False,Pearson,Uniform,1792,50,0.0186012528909985
855,Saliency,False,False,Spearman,Uniform,1792,50,0.0470588235294117
856,IntegratedGradients,False,False,Spearman,Uniform,1792,50,0.0377979763333904
857,FusionGrad,False,False,Spearman,Uniform,1792,50,-0.0456251071857314
858,Saliency,False,False,Pearson,Uniform,1792,100,-0.0371769856034473
859,IntegratedGradients,False,False,Pearson,Uniform,1792,100,0.0151629093720517
860,FusionGrad,False,False,Pearson,Uniform,1792,100,0.0228431004276101
861,Saliency,False,False,Spearman,Uniform,1792,100,-0.003050019287643
862,IntegratedGradients,False,False,Spearman,Uniform,1792,100,0.0261497578329261
863,FusionGrad,False,False,Spearman,Uniform,1792,100,-0.0323183746946123
864,Saliency,False,False,Pearson,Black,2,50,0.0228925718289734
865,IntegratedGradients,False,False,Pearson,Black,2,50,-0.047181619030156
866,FusionGrad,False,False,Pearson,Black,2,50,0.0406500440683075
867,Saliency,False,False,Spearman,Black,2,50,-0.0213411078717201
868,IntegratedGradients,False,False,Spearman,Black,2,50,-0.0035122620476762
869,FusionGrad,False,False,Spearman,Black,2,50,-0.0486640370433888
870,Saliency,False,False,Pearson,Black,2,100,0.0199954139005265
871,IntegratedGradients,False,False,Pearson,Black,2,100,-0.0716722013405922
872,FusionGrad,False,False,Pearson,Black,2,100,0.0499602213797258
873,Saliency,False,False,Spearman,Black,2,100,-0.0132870429900132
874,IntegratedGradients,False,False,Spearman,Black,2,100,0.0121147997055829
875,FusionGrad,False,False,Spearman,Black,2,100,0.0185980074013786
876,Saliency,False,False,Pearson,Black,112,50,0.0048258973619667
877,IntegratedGradients,False,False,Pearson,Black,112,50,0.0206566452868999
878,FusionGrad,False,False,Pearson,Black,112,50,-0.0255368024624877
879,Saliency,False,False,Spearman,Black,112,50,-0.0092265477619619
880,IntegratedGradients,False,False,Spearman,Black,112,50,-0.0388543989024181
881,FusionGrad,False,False,Spearman,Black,112,50,-0.0246407134282284
882,Saliency,False,False,Pearson,Black,112,100,0.0165509127509254
883,IntegratedGradients,False,False,Pearson,Black,112,100,0.0074304419677608
884,FusionGrad,False,False,Pearson,Black,112,100,0.0133459071951447
885,Saliency,False,False,Spearman,Black,112,100,-0.0331310273884531
886,IntegratedGradients,False,False,Spearman,Black,112,100,-0.0133119026188333
887,FusionGrad,False,False,Spearman,Black,112,100,0.0502747417598902
888,Saliency,False,False,Pearson,Black,224,50,0.0615372871336191
889,IntegratedGradients,False,False,Pearson,Black,224,50,-0.0219647587667509
890,FusionGrad,False,False,Pearson,Black,224,50,0.0228322065346461
891,Saliency,False,False,Spearman,Black,224,50,0.0314868804664723
892,IntegratedGradients,False,False,Spearman,Black,224,50,-0.0287978048362201
893,FusionGrad,False,False,Spearman,Black,224,50,0.0247298919567827
894,Saliency,False,False,Pearson,Black,224,100,0.0021827182603045
895,IntegratedGradients,False,False,Pearson,Black,224,100,0.0366171733811079
896,FusionGrad,False,False,Pearson,Black,224,100,0.0009160867918744
897,Saliency,False,False,Spearman,Black,224,100,0.0284779906562084
898,IntegratedGradients,False,False,Spearman,Black,224,100,0.0501834679688538
899,FusionGrad,False,False,Spearman,Black,224,100,-0.0064112125498264
900,Saliency,False,False,Pearson,Black,1792,50,-0.0239827332895283
901,IntegratedGradients,False,False,Pearson,Black,1792,50,0.006115563327178
902,FusionGrad,False,False,Pearson,Black,1792,50,0.068072250243194
903,Saliency,False,False,Spearman,Black,1792,50,0.0234402332361516
904,IntegratedGradients,False,False,Spearman,Black,1792,50,-0.017458411936203
905,FusionGrad,False,False,Spearman,Black,1792,50,0.0401303378494254
906,Saliency,False,False,Pearson,Black,1792,100,-0.034856551323838
907,IntegratedGradients,False,False,Pearson,Black,1792,100,0.036704345082197
908,FusionGrad,False,False,Pearson,Black,1792,100,0.0058998856683854
909,Saliency,False,False,Spearman,Black,1792,100,-0.0053062449102053
910,IntegratedGradients,False,False,Spearman,Black,1792,100,0.003021730744503
911,FusionGrad,False,False,Spearman,Black,1792,100,0.0388667438172388
912,Saliency,False,False,Pearson,White,2,50,-0.001949165871603
913,IntegratedGradients,False,False,Pearson,White,2,50,-0.038260025832855
914,FusionGrad,False,False,Pearson,White,2,50,-0.0260924499750622
915,Saliency,False,False,Spearman,White,2,50,0.019790773452238
916,IntegratedGradients,False,False,Spearman,White,2,50,-0.0345120905505059
917,FusionGrad,False,False,Spearman,White,2,50,0.0028262733664894
918,Saliency,False,False,Pearson,White,2,100,-0.031479358378404
919,IntegratedGradients,False,False,Pearson,White,2,100,-0.0055338900413806
920,FusionGrad,False,False,Pearson,White,2,100,0.0116796984070046
921,Saliency,False,False,Spearman,White,2,100,-0.0108147957652908
922,IntegratedGradients,False,False,Spearman,White,2,100,0.0518722177722554
923,FusionGrad,False,False,Spearman,White,2,100,0.0593973683082593
924,Saliency,False,False,Pearson,White,112,50,0.0290363515792174
925,IntegratedGradients,False,False,Pearson,White,112,50,0.0187511055763109
926,FusionGrad,False,False,Pearson,White,112,50,-0.0824005607171868
927,Saliency,False,False,Spearman,White,112,50,0.0234333733493397
928,IntegratedGradients,False,False,Spearman,White,112,50,-0.0499536957640199
929,FusionGrad,False,False,Spearman,White,112,50,-0.0817218315897787
930,Saliency,False,False,Pearson,White,112,100,-0.0198613117168786
931,IntegratedGradients,False,False,Pearson,White,112,100,0.0306801663563679
932,FusionGrad,False,False,Pearson,White,112,100,-0.0246443236824698
933,Saliency,False,False,Spearman,White,112,100,0.0148960610346748
934,IntegratedGradients,False,False,Spearman,White,112,100,-0.0419827697055419
935,FusionGrad,False,False,Spearman,White,112,100,-0.0347014701470147
936,Saliency,False,False,Pearson,White,224,50,0.024304626163924
937,IntegratedGradients,False,False,Pearson,White,224,50,0.0360985277090977
938,FusionGrad,False,False,Pearson,White,224,50,-0.0230993604048175
939,Saliency,False,False,Spearman,White,224,50,-0.0329480363574001
940,IntegratedGradients,False,False,Spearman,White,224,50,0.0241811010118333
941,FusionGrad,False,False,Spearman,White,224,50,-0.0707528725776024
942,Saliency,False,False,Pearson,White,224,100,0.0040777944520398
943,IntegratedGradients,False,False,Pearson,White,224,100,0.012328230756257
944,FusionGrad,False,False,Pearson,White,224,100,-0.0147781193191883
945,Saliency,False,False,Spearman,White,224,100,0.0167528181389567
946,IntegratedGradients,False,False,Spearman,White,224,100,-0.0248793450773648
947,FusionGrad,False,False,Spearman,White,224,100,0.0063109168059663
948,Saliency,False,False,Pearson,White,1792,50,0.015425176581544
949,IntegratedGradients,False,False,Pearson,White,1792,50,0.0284361931531777
950,FusionGrad,False,False,Pearson,White,1792,50,-0.072264331633797
951,Saliency,False,False,Spearman,White,1792,50,-0.0795746870176642
952,IntegratedGradients,False,False,Spearman,White,1792,50,-0.0199554107357228
953,FusionGrad,False,False,Spearman,White,1792,50,0.0127799691305093
954,Saliency,False,False,Pearson,White,1792,100,-0.0231095413509881
955,IntegratedGradients,False,False,Pearson,White,1792,100,0.0434051872097389
956,FusionGrad,False,False,Pearson,White,1792,100,-0.042134363041254
957,Saliency,False,False,Spearman,White,1792,100,-0.0118940465475118
958,IntegratedGradients,False,False,Spearman,White,1792,100,-0.0043598645578843
959,FusionGrad,False,False,Spearman,White,1792,100,0.012020059148772
960,GradientShap,True,True,Pearson,Mean,2,50,0.10037590491824797
961,GradientShap,True,True,Spearman,Mean,2,50,-0.06550505916652374
962,GradientShap,True,True,Pearson,Mean,2,100,-0.003558959739275225
963,GradientShap,True,True,Spearman,Mean,2,100,-0.05353949093890932
964,GradientShap,True,True,Pearson,Mean,112,50,0.04565463673668386
965,GradientShap,True,True,Spearman,Mean,112,50,0.05710169782198594
966,GradientShap,True,True,Pearson,Mean,112,100,0.011955409212609295
967,GradientShap,True,True,Spearman,Mean,112,100,0.024216707385024218
968,GradientShap,True,True,Pearson,Mean,224,50,0.06519807161389914
969,GradientShap,True,True,Spearman,Mean,224,50,0.09137369233407647
970,GradientShap,True,True,Pearson,Mean,224,100,0.06583374069644833
971,GradientShap,True,True,Spearman,Mean,224,100,0.010403326046890402
972,GradientShap,True,True,Pearson,Mean,1792,50,0.03900113687344418
973,GradientShap,True,True,Spearman,Mean,1792,50,0.0509689590121763
974,GradientShap,True,True,Pearson,Mean,1792,100,0.02247892004602725
975,GradientShap,True,True,Spearman,Mean,1792,100,0.02249110625348249
976,GradientShap,True,True,Pearson,Random,2,50,-0.01629513457071689
977,GradientShap,True,True,Spearman,Random,2,50,-0.024366317955753735
978,GradientShap,True,True,Pearson,Random,2,100,-0.00990881898724909
979,GradientShap,True,True,Spearman,Random,2,100,0.030069053260170096
980,GradientShap,True,True,Pearson,Random,112,50,-0.02211242735217011
981,GradientShap,True,True,Spearman,Random,112,50,0.04365631967072543
982,GradientShap,True,True,Pearson,Random,112,100,-0.002912312869891407
983,GradientShap,True,True,Spearman,Random,112,100,-0.008363122026488357
984,GradientShap,True,True,Pearson,Random,224,50,0.03190762446079821
985,GradientShap,True,True,Spearman,Random,224,50,0.005728005487909446
986,GradientShap,True,True,Pearson,Random,224,100,0.01145335723016721
987,GradientShap,True,True,Spearman,Random,224,100,0.005978312116925973
988,GradientShap,True,True,Pearson,Random,1792,50,0.04821789524009907
989,GradientShap,True,True,Spearman,Random,1792,50,-0.04370433887840851
990,GradientShap,True,True,Pearson,Random,1792,100,0.0012270295048684055
991,GradientShap,True,True,Spearman,Random,1792,100,0.03014615747289015
992,GradientShap,True,True,Pearson,Uniform,2,50,-0.04313439365968082
993,GradientShap,True,True,Spearman,Uniform,2,50,-0.0988441090722003
994,GradientShap,True,True,Pearson,Uniform,2,100,0.012083459808832039
995,GradientShap,True,True,Spearman,Uniform,2,100,0.0004239013318926055
996,GradientShap,True,True,Pearson,Uniform,112,50,0.05099953931593863
997,GradientShap,True,True,Spearman,Uniform,112,50,0.00954210255530783
998,GradientShap,True,True,Pearson,Uniform,112,100,0.029165167823568407
999,GradientShap,True,True,Spearman,Uniform,112,100,0.026888688868886894
1000,GradientShap,True,True,Pearson,Uniform,224,50,0.03305977246140545
1001,GradientShap,True,True,Spearman,Uniform,224,50,0.009130509346595777
1002,GradientShap,True,True,Pearson,Uniform,224,100,0.010390848315672167
1003,GradientShap,True,True,Spearman,Uniform,224,100,-0.0012284085551412288
1004,GradientShap,True,True,Pearson,Uniform,1792,50,-0.019682067870717003
1005,GradientShap,True,True,Spearman,Uniform,1792,50,0.0382644486365975
1006,GradientShap,True,True,Pearson,Uniform,1792,100,0.08640443151358579
1007,GradientShap,True,True,Spearman,Uniform,1792,100,0.010376751960910377
1008,GradientShap,True,True,Pearson,Black,2,50,0.015807637131515135
1009,GradientShap,True,True,Spearman,Black,2,50,0.0030732292917166775
1010,GradientShap,True,True,Pearson,Black,2,100,0.01838762031722774
1011,GradientShap,True,True,Spearman,Black,2,100,0.023865243667223864
1012,GradientShap,True,True,Pearson,Black,112,50,0.10248785314077126
1013,GradientShap,True,True,Spearman,Black,112,50,0.08222946321385696
1014,GradientShap,True,True,Pearson,Black,112,100,0.08453967396790207
1015,GradientShap,True,True,Spearman,Black,112,100,0.06280485191376278
1016,GradientShap,True,True,Pearson,Black,224,50,0.11835824570323901
1017,GradientShap,True,True,Spearman,Black,224,50,0.05631281083862116
1018,GradientShap,True,True,Pearson,Black,224,100,0.028088750901756884
1019,GradientShap,True,True,Spearman,Black,224,100,0.06378552140928377
1020,GradientShap,True,True,Pearson,Black,1792,50,-0.05847442573738535
1021,GradientShap,True,True,Spearman,Black,1792,50,0.008019207683073216
1022,GradientShap,True,True,Pearson,Black,1792,100,0.028377743574865083
1023,GradientShap,True,True,Spearman,Black,1792,100,0.0002271655737002306
1024,GradientShap,True,True,Pearson,White,2,50,-0.04681563863842112
1025,GradientShap,True,True,Spearman,White,2,50,-0.027919739324301158
1026,GradientShap,True,True,Pearson,White,2,100,0.0221003402542769
1027,GradientShap,True,True,Spearman,White,2,100,-0.014103981826754106
1028,GradientShap,True,True,Pearson,White,112,50,0.020516646237488303
1029,GradientShap,True,True,Spearman,White,112,50,0.004712742239753045
1030,GradientShap,True,True,Pearson,White,112,100,-0.027345888793689987
1031,GradientShap,True,True,Spearman,White,112,100,-0.0027337019416227323
1032,GradientShap,True,True,Pearson,White,224,50,-0.038348743766130795
1033,GradientShap,True,True,Spearman,White,224,50,-0.006070999828502827
1034,GradientShap,True,True,Pearson,White,224,100,-0.014651396455563511
1035,GradientShap,True,True,Spearman,White,224,100,-0.034413441344134404
1036,GradientShap,True,True,Pearson,White,1792,50,0.004523732070685872
1037,GradientShap,True,True,Spearman,White,1792,50,-0.04433544846510033
1038,GradientShap,True,True,Pearson,White,1792,100,-0.013879603560423445
1039,GradientShap,True,True,Spearman,White,1792,100,0.03942908576571943
1040,GradientShap,True,False,Pearson,Mean,2,50,0.030797634015021523
1041,GradientShap,True,False,Spearman,Mean,2,50,-0.031068427370948386
1042,GradientShap,True,False,Pearson,Mean,2,100,-0.008533796846989078
1043,GradientShap,True,False,Spearman,Mean,2,100,0.01882471618116933
1044,GradientShap,True,False,Pearson,Mean,112,50,0.06461012888393657
1045,GradientShap,True,False,Spearman,Mean,112,50,0.01690276110444178
1046,GradientShap,True,False,Pearson,Mean,112,100,0.019064854053566373
1047,GradientShap,True,False,Spearman,Mean,112,100,0.025872873001585868
1048,GradientShap,True,False,Pearson,Mean,224,50,0.002563762836528542
1049,GradientShap,True,False,Spearman,Mean,224,50,0.03990396158463385
1050,GradientShap,True,False,Pearson,Mean,224,100,0.09019244462913047
1051,GradientShap,True,False,Spearman,Mean,224,100,0.0011529724401011551
1052,GradientShap,True,False,Pearson,Mean,1792,50,0.07147362313177057
1053,GradientShap,True,False,Spearman,Mean,1792,50,0.10415366146458585
1054,GradientShap,True,False,Pearson,Mean,1792,100,0.041171741159080406
1055,GradientShap,True,False,Spearman,Mean,1792,100,0.034685182803994685
1056,GradientShap,True,False,Pearson,Random,2,50,0.03231775330872388
1057,GradientShap,True,False,Spearman,Random,2,50,-0.02422226033270451
1058,GradientShap,True,False,Pearson,Random,2,100,-0.028936063109235615
1059,GradientShap,True,False,Spearman,Random,2,100,-0.034062834854914056
1060,GradientShap,True,False,Pearson,Random,112,50,0.1133100959332829
1061,GradientShap,True,False,Spearman,Random,112,50,-0.025018007202881148
1062,GradientShap,True,False,Pearson,Random,112,100,0.017253462182558302
1063,GradientShap,True,False,Spearman,Random,112,100,0.03288071664309288
1064,GradientShap,True,False,Pearson,Random,224,50,-0.05890975739226205
1065,GradientShap,True,False,Spearman,Random,224,50,0.008616017835705711
1066,GradientShap,True,False,Pearson,Random,224,100,0.0433294843424441
1067,GradientShap,True,False,Spearman,Random,224,100,0.052399811409712393
1068,GradientShap,True,False,Pearson,Random,1792,50,-0.0437828334654368
1069,GradientShap,True,False,Spearman,Random,1792,50,0.078600583090379
1070,GradientShap,True,False,Pearson,Random,1792,100,0.0008847908561224402
1071,GradientShap,True,False,Spearman,Random,1792,100,0.023112596973983105
1072,GradientShap,True,False,Pearson,Uniform,2,50,-0.01824122764249061
1073,GradientShap,True,False,Spearman,Uniform,2,50,0.03207683073229291
1074,GradientShap,True,False,Pearson,Uniform,2,100,0.00804404515329932
1075,GradientShap,True,False,Spearman,Uniform,2,100,0.013755981716368132
1076,GradientShap,True,False,Pearson,Uniform,112,50,-0.01271411924365845
1077,GradientShap,True,False,Spearman,Uniform,112,50,0.048773795232378646
1078,GradientShap,True,False,Pearson,Uniform,112,100,-0.012838709496052541
1079,GradientShap,True,False,Spearman,Uniform,112,100,-0.015457111151489383
1080,GradientShap,True,False,Pearson,Uniform,224,50,0.030839544767106822
1081,GradientShap,True,False,Spearman,Uniform,224,50,0.05096209912536443
1082,GradientShap,True,False,Pearson,Uniform,224,100,0.0026797719916237814
1083,GradientShap,True,False,Spearman,Uniform,224,100,0.021296129612961297
1084,GradientShap,True,False,Pearson,Uniform,1792,50,-0.016100918993782184
1085,GradientShap,True,False,Spearman,Uniform,1792,50,0.0030389298576573498
1086,GradientShap,True,False,Pearson,Uniform,1792,100,0.00781572242339892
1087,GradientShap,True,False,Spearman,Uniform,1792,100,0.03628305687711627
1088,GradientShap,True,False,Pearson,Black,2,50,-0.0014404537721919674
1089,GradientShap,True,False,Spearman,Black,2,50,0.005357571600068596
1090,GradientShap,True,False,Pearson,Black,2,100,0.049271914318384756
1091,GradientShap,True,False,Spearman,Black,2,100,0.016835112082636838
1092,GradientShap,True,False,Pearson,Black,112,50,0.006322205838352226
1093,GradientShap,True,False,Spearman,Black,112,50,0.024311438861258777
1094,GradientShap,True,False,Pearson,Black,112,100,0.03419481644999669
1095,GradientShap,True,False,Spearman,Black,112,100,0.03456345634563456
1096,GradientShap,True,False,Pearson,Black,224,50,0.040842849766773014
1097,GradientShap,True,False,Spearman,Black,224,50,0.0434299434059338
1098,GradientShap,True,False,Pearson,Black,224,100,0.05781755002537653
1099,GradientShap,True,False,Spearman,Black,224,100,0.021925335390681918
1100,GradientShap,True,False,Pearson,Black,1792,50,0.023608382790864024
1101,GradientShap,True,False,Spearman,Black,1792,50,0.051284513805522194
1102,GradientShap,True,False,Pearson,Black,1792,100,0.03818074793945397
1103,GradientShap,True,False,Spearman,Black,1792,100,0.021950195019501944
1104,GradientShap,True,False,Pearson,White,2,50,-0.07164274283770414
1105,GradientShap,True,False,Spearman,White,2,50,-0.07305779454638998
1106,GradientShap,True,False,Pearson,White,2,100,-0.004665076880740282
1107,GradientShap,True,False,Spearman,White,2,100,-0.02705327675624705
1108,GradientShap,True,False,Pearson,White,112,50,-0.014401250773360907
1109,GradientShap,True,False,Spearman,White,112,50,0.0029085920082318603
1110,GradientShap,True,False,Pearson,White,112,100,0.033294441223727475
1111,GradientShap,True,False,Spearman,White,112,100,0.034072264369294065
1112,GradientShap,True,False,Pearson,White,224,50,0.04225366545794299
1113,GradientShap,True,False,Spearman,White,224,50,0.030464757331504035
1114,GradientShap,True,False,Pearson,White,224,100,-0.05007903820383292
1115,GradientShap,True,False,Spearman,White,224,100,-0.026532081779606524
1116,GradientShap,True,False,Pearson,White,1792,50,0.039202342813688354
1117,GradientShap,True,False,Spearman,White,1792,50,-0.05596981649802778
1118,GradientShap,True,False,Pearson,White,1792,100,0.016744704414184998
1119,GradientShap,True,False,Spearman,White,1792,100,-0.010591916334490591
1120,GradientShap,False,True,Pearson,Mean,2,50,-0.060294243844837836
1121,GradientShap,False,True,Spearman,Mean,2,50,0.04140627679643286
1122,GradientShap,False,True,Pearson,Mean,2,100,-0.014027228337580957
1123,GradientShap,False,True,Spearman,Mean,2,100,0.008917748917748918
1124,GradientShap,False,True,Pearson,Mean,112,50,0.008162063474374426
1125,GradientShap,False,True,Spearman,Mean,112,50,0.0020785457039958865
1126,GradientShap,False,True,Pearson,Mean,112,100,-0.01730294428244158
1127,GradientShap,False,True,Spearman,Mean,112,100,-0.023554069692683553
1128,GradientShap,False,True,Pearson,Mean,224,50,0.045142740719606764
1129,GradientShap,False,True,Spearman,Mean,224,50,0.02456525467329788
1130,GradientShap,False,True,Pearson,Mean,224,100,0.03362847325540272
1131,GradientShap,False,True,Spearman,Mean,224,100,-0.026932407526466935
1132,GradientShap,False,True,Pearson,Mean,1792,50,-0.013446820512774228
1133,GradientShap,False,True,Spearman,Mean,1792,50,-0.018343337334933967
1134,GradientShap,False,True,Pearson,Mean,1792,100,0.021428875728161937
1135,GradientShap,False,True,Spearman,Mean,1792,100,-0.005185375680425188
1136,GradientShap,False,True,Pearson,Random,2,50,0.07978618888833029
1137,GradientShap,False,True,Spearman,Random,2,50,-0.03991440525314795
1138,GradientShap,False,True,Pearson,Random,2,100,-0.03141245607160033
1139,GradientShap,False,True,Spearman,Random,2,100,0.009486948694869478
1140,GradientShap,False,True,Pearson,Random,112,50,-0.020679460977327393
1141,GradientShap,False,True,Spearman,Random,112,50,-0.009789058480535073
1142,GradientShap,False,True,Pearson,Random,112,100,-0.014252684100604417
1143,GradientShap,False,True,Spearman,Random,112,100,0.002800565770862799
1144,GradientShap,False,True,Pearson,Random,224,50,-0.03085094867968769
1145,GradientShap,False,True,Spearman,Random,224,50,-0.02922311781855599
1146,GradientShap,False,True,Pearson,Random,224,100,-0.025065664321785232
1147,GradientShap,False,True,Spearman,Random,224,100,-0.0037906647807637852
1148,GradientShap,False,True,Pearson,Random,1792,50,-0.0067000192691120345
1149,GradientShap,False,True,Spearman,Random,1792,50,0.03182987480706568
1150,GradientShap,False,True,Pearson,Random,1792,100,0.03881695596243912
1151,GradientShap,False,True,Spearman,Random,1792,100,-0.018589858985898593
1152,GradientShap,False,True,Pearson,Uniform,2,50,0.03156478696850695
1153,GradientShap,False,True,Spearman,Uniform,2,50,-0.00785457039958841
1154,GradientShap,False,True,Pearson,Uniform,2,100,-0.024357830591246982
1155,GradientShap,False,True,Spearman,Uniform,2,100,0.021271770076905012
1156,GradientShap,False,True,Pearson,Uniform,112,50,0.019847611359797308
1157,GradientShap,False,True,Spearman,Uniform,112,50,-0.013438518264448631
1158,GradientShap,False,True,Pearson,Uniform,112,100,0.01208052517678676
1159,GradientShap,False,True,Spearman,Uniform,112,100,-0.02031546011744031
1160,GradientShap,False,True,Pearson,Uniform,224,50,-0.025113293010197314
1161,GradientShap,False,True,Spearman,Uniform,224,50,0.05909792488423942
1162,GradientShap,False,True,Pearson,Uniform,224,100,0.004200803044825536
1163,GradientShap,False,True,Spearman,Uniform,224,100,0.015210663923535204
1164,GradientShap,False,True,Pearson,Uniform,1792,50,-0.04900454056908394
1165,GradientShap,False,True,Spearman,Uniform,1792,50,0.059900531641227904
1166,GradientShap,False,True,Pearson,Uniform,1792,100,-0.04609582772486432
1167,GradientShap,False,True,Spearman,Uniform,1792,100,0.02179503664652179
1168,GradientShap,False,True,Pearson,Black,2,50,0.02066125769145053
1169,GradientShap,False,True,Spearman,Black,2,50,0.04231864174241124
1170,GradientShap,False,True,Pearson,Black,2,100,-0.049527432722188146
1171,GradientShap,False,True,Spearman,Black,2,100,0.04447130427328446
1172,GradientShap,False,True,Pearson,Black,112,50,-0.012825566538433928
1173,GradientShap,False,True,Spearman,Black,112,50,-0.00928828674326874
1174,GradientShap,False,True,Pearson,Black,112,100,-0.02774908351168432
1175,GradientShap,False,True,Spearman,Black,112,100,0.017866358064377866
1176,GradientShap,False,True,Pearson,Black,224,50,-0.010132395283023522
1177,GradientShap,False,True,Spearman,Black,224,50,-0.039602126564911674
1178,GradientShap,False,True,Pearson,Black,224,100,-0.013759431556439118
1179,GradientShap,False,True,Spearman,Black,224,100,0.04574171702884573
1180,GradientShap,False,True,Pearson,Black,1792,50,-0.005843661747805961
1181,GradientShap,False,True,Spearman,Black,1792,50,-0.018288458240439027
1182,GradientShap,False,True,Pearson,Black,1792,100,-0.0015642148296378933
1183,GradientShap,False,True,Spearman,Black,1792,100,-0.020642921435000634
1184,GradientShap,False,True,Pearson,White,2,50,-0.018858937110717653
1185,GradientShap,False,True,Spearman,White,2,50,-0.031589778768650316
1186,GradientShap,False,True,Pearson,White,2,100,0.013832341581525647
1187,GradientShap,False,True,Spearman,White,2,100,0.0046058891603446015
1188,GradientShap,False,True,Pearson,White,112,50,-0.07169785898393835
1189,GradientShap,False,True,Spearman,White,112,50,0.004445206654090207
1190,GradientShap,False,True,Pearson,White,112,100,0.011660393473351535
1191,GradientShap,False,True,Spearman,White,112,100,0.007259011615447257
1192,GradientShap,False,True,Pearson,White,224,50,-0.004484405673239637
1193,GradientShap,False,True,Spearman,White,224,50,0.0663625450180072
1194,GradientShap,False,True,Pearson,White,224,100,0.0024303138280265665
1195,GradientShap,False,True,Spearman,White,224,100,-0.0409078050662209
1196,GradientShap,False,True,Pearson,White,1792,50,0.05380333717741569
1197,GradientShap,False,True,Spearman,White,1792,50,-0.08873949579831932
1198,GradientShap,False,True,Pearson,White,1792,100,0.012347235119896618
1199,GradientShap,False,True,Spearman,White,1792,100,-0.021170117011701163
1200,GradientShap,False,False,Pearson,Mean,2,50,0.09142595440067112
1201,GradientShap,False,False,Spearman,Mean,2,50,-0.03969130509346596
1202,GradientShap,False,False,Pearson,Mean,2,100,-0.0029375054605234327
1203,GradientShap,False,False,Spearman,Mean,2,100,-0.02765805324393315
1204,GradientShap,False,False,Pearson,Mean,112,50,-0.08745729872565625
1205,GradientShap,False,False,Spearman,Mean,112,50,0.03159663865546219
1206,GradientShap,False,False,Pearson,Mean,112,100,0.0070577022187101445
1207,GradientShap,False,False,Spearman,Mean,112,100,-0.025369679825125373
1208,GradientShap,False,False,Pearson,Mean,224,50,0.08026617615926115
1209,GradientShap,False,False,Spearman,Mean,224,50,0.015078031212484988
1210,GradientShap,False,False,Pearson,Mean,224,100,0.008675388420055196
1211,GradientShap,False,False,Spearman,Mean,224,100,0.018421842184218423
1212,GradientShap,False,False,Pearson,Mean,1792,50,-0.021758958644025238
1213,GradientShap,False,False,Spearman,Mean,1792,50,-0.022754244554964838
1214,GradientShap,False,False,Pearson,Mean,1792,100,0.03570137392640243
1215,GradientShap,False,False,Spearman,Mean,1792,100,-0.03038618147529038
1216,GradientShap,False,False,Pearson,Random,2,50,0.0002012110416467919
1217,GradientShap,False,False,Spearman,Random,2,50,0.014488080946664374
1218,GradientShap,False,False,Pearson,Random,2,100,0.008852144627938765
1219,GradientShap,False,False,Spearman,Random,2,100,0.019994856628519995
1220,GradientShap,False,False,Pearson,Random,112,50,0.035073742605210186
1221,GradientShap,False,False,Spearman,Random,112,50,0.02793345909792488
1222,GradientShap,False,False,Pearson,Random,112,100,0.02346899924145191
1223,GradientShap,False,False,Spearman,Random,112,100,-0.008801165830868806
1224,GradientShap,False,False,Pearson,Random,224,50,0.057858458172783477
1225,GradientShap,False,False,Spearman,Random,224,50,0.04170125192934316
1226,GradientShap,False,False,Pearson,Random,224,100,-0.023735411004388585
1227,GradientShap,False,False,Spearman,Random,224,100,-0.012735845013072733
1228,GradientShap,False,False,Pearson,Random,1792,50,0.078264910029385
1229,GradientShap,False,False,Spearman,Random,1792,50,0.03353112673640885
1230,GradientShap,False,False,Pearson,Random,1792,100,0.07003052942644714
1231,GradientShap,False,False,Spearman,Random,1792,100,-0.011862329090051863
1232,GradientShap,False,False,Pearson,Uniform,2,50,0.12471027603490663
1233,GradientShap,False,False,Spearman,Uniform,2,50,-0.032536443148688046
1234,GradientShap,False,False,Pearson,Uniform,2,100,0.020429696335475478
1235,GradientShap,False,False,Spearman,Uniform,2,100,0.0014307145000214297
1236,GradientShap,False,False,Pearson,Uniform,112,50,-0.022491303992467376
1237,GradientShap,False,False,Spearman,Uniform,112,50,0.005714285714285708
1238,GradientShap,False,False,Pearson,Uniform,112,100,0.026614614277631527
1239,GradientShap,False,False,Spearman,Uniform,112,100,0.0017564613604217558
1240,GradientShap,False,False,Pearson,Uniform,224,50,0.0237256342531501
1241,GradientShap,False,False,Spearman,Uniform,224,50,-0.016004115932087115
1242,GradientShap,False,False,Pearson,Uniform,224,100,0.021347390957016963
1243,GradientShap,False,False,Spearman,Uniform,224,100,-0.010057862929150055
1244,GradientShap,False,False,Pearson,Uniform,1792,50,0.016209303391253274
1245,GradientShap,False,False,Spearman,Uniform,1792,50,0.05050934659578117
1246,GradientShap,False,False,Pearson,Uniform,1792,100,-0.017275846683702266
1247,GradientShap,False,False,Spearman,Uniform,1792,100,0.001233551926621236
1248,GradientShap,False,False,Pearson,Black,2,50,0.101444013953886
1249,GradientShap,False,False,Spearman,Black,2,50,0.026609500943234443
1250,GradientShap,False,False,Pearson,Black,2,100,0.011039472972334279
1251,GradientShap,False,False,Spearman,Black,2,100,-0.008138119579053417
1252,GradientShap,False,False,Pearson,Black,112,50,0.008016121342991836
1253,GradientShap,False,False,Spearman,Black,112,50,0.0005762304921968735
1254,GradientShap,False,False,Pearson,Black,112,100,-0.040619820103211086
1255,GradientShap,False,False,Spearman,Black,112,100,0.013584078512030664
1256,GradientShap,False,False,Pearson,Black,224,50,-0.0564962274971201
1257,GradientShap,False,False,Spearman,Black,224,50,0.02427027954038759
1258,GradientShap,False,False,Pearson,Black,224,100,-0.008895606957807863
1259,GradientShap,False,False,Spearman,Black,224,100,-0.009686682954009687
1260,GradientShap,False,False,Pearson,Black,1792,50,-0.011025204145330968
1261,GradientShap,False,False,Spearman,Black,1792,50,0.04976161893328761
1262,GradientShap,False,False,Pearson,Black,1792,100,0.006079781460889672
1263,GradientShap,False,False,Spearman,Black,1792,100,0.06694097981226695
1264,GradientShap,False,False,Pearson,White,2,50,-0.0314824966827908
1265,GradientShap,False,False,Spearman,White,2,50,-0.03449151089007031
1266,GradientShap,False,False,Pearson,White,2,100,0.009483409224156822
1267,GradientShap,False,False,Spearman,White,2,100,0.02103810381038104
1268,GradientShap,False,False,Pearson,White,112,50,0.03686509034146738
1269,GradientShap,False,False,Spearman,White,112,50,-0.051840164637283484
1270,GradientShap,False,False,Pearson,White,112,100,-0.007915347277932628
1271,GradientShap,False,False,Spearman,White,112,100,0.00749903561784749
1272,GradientShap,False,False,Pearson,White,224,50,-0.030907041730331826
1273,GradientShap,False,False,Spearman,White,224,50,-0.0023460812896587283
1274,GradientShap,False,False,Pearson,White,224,100,-0.0070741606343098
1275,GradientShap,False,False,Spearman,White,224,100,0.006190904804766193
1276,GradientShap,False,False,Pearson,White,1792,50,-0.06117766690759714
1277,GradientShap,False,False,Spearman,White,1792,50,0.03211799005316412
1278,GradientShap,False,False,Pearson,White,1792,100,-0.012362698969878735
1279,GradientShap,False,False,Spearman,White,1792,100,0.005542839998285541
